"title"|"link"|"img"|"time"|"contents"
"유시민, 지지율 얘기 중 “미친X” 막말…한동훈엔 “가끔 맞아야”"|"https://n.news.naver.com/article/018/0005697796?ntype=RANKING"|"https://mimgnews.pstatic.net/image/origin/018/2024/03/22/5697796.jpg"|"2024-03-22 07:39:01"|"유시민, 20일 ‘매불쇼’ 출연사진=유튜브 ‘매불쇼’ 캡처[이데일리 권혜미 기자] 유시민 전 노무현재단 이사장이 여권을 향해 “미친X들”이라고 발언했다.20일 유 전 이사장은 유튜브 채널 ‘매불쇼’에 게스트로 출연했다.이날 유 전 이사장은 지난 달 말 윤석열 대통령의 국정 지지율이 40%대를 회복한 일 등을 거론하면서 “여론조사가 하루에 2%, 3% 포인트씩 계속 오르는 게 나오니까 그 미친”이라고 말했다. 당황한 듯 황급히 손으로 입을 가리며 잠시 멈칫했지만, 유 전 이사장은 “미친X들인 게 (지지율) 40%가 높은 것이냐”라고 말을 이어갔다.그는 “(국정 지지율이) 28%까지 갔다가 40%까지 오르니까 엄청 오른 것으로 착각하는 거다. 높은 게 아니었다”며 문재인 전 대통령을 언급했다. 유 전 이사장은 “문 전 대통령이 (지지율이) 제일 낮았을 때 수준”이라며 “진짜 제정신이 아니어도 분수가 있다”고 저격했다.또 유 전 이사장은 “윤 대통령과 한동훈 비대위원장이 또다시 갈등 국면에 접어들었다는 보도가 있다”고 한 진행자의 질문에 “안 맞아서 그렇다. 가끔씩 맞아야 되는데 지난 번에도 대들다가”라고 말했다.이에 진행자가 “지식인으로 구타를 말하는 것이냐”고 묻자 유 전 이사장은 “정치적 구타, 지난번에도 화재 현장에 가서 정치적 구타를 당하고 수그렸지 않았느냐”며 “이번에도 정치적 체벌을 당하지 않겠느냐”고 반문했다.유 전 이사장은 이종섭 주호주대사에 대한 비판의 목소리를 내기도 했다. 지난 10일 호주대사로 부임한 이 대사는 지난해 국방부 장관 재직 시절 해병대 채상병 사망사건 조사에 외압을 행사했단 의혹을 받고 있다. 이후 ‘도피성 출국’의 비판을 받은 이 대사는 전날 귀국헤 외압 의혹에 대해 부인하고 나섰다.유 전 이사장은 “황상무(전 대통령실 시민사회수석)는 본인 망언으로 잘리는 거니 데미지가 없지만, 이 대사는 데리고 오면 대통령으로 추정되는 인물과 전화 통화를 한 것들 때문에 형사적 문제가 된다”며 “탄핵의 근거가 될 수 있어 급하게 빼돌렸는데 왜 데리고 오나”라고도 했다."
"이재명, 法 '강제구인' 경고에도 재판 불출석 방침"|"https://n.news.naver.com/article/018/0005697831?ntype=RANKING"|"https://mimgnews.pstatic.net/image/origin/018/2024/03/22/5697831.jpg"|"2024-03-22 08:29:01"|"19일 대장동 재판도 불출석 파행이 대표 측 ""총선까지 현실적으로 출석 어려워""법원, 강제구인 검토 시사[이데일리 백주아 기자] 이재명 더불어민주당 대표가 4·10 총선을 이유로 이날로 예정된 공직선거법 위반 재판에도 불출석하겠다는 의사를 밝혔다. 지난 19일 ‘대장동 개발비리 의혹’ 재판에 불출석한 데 이어 두 번째다.이재명 더불어민주당 상임공동선대위원장이 지난 21일 광주 북구 전남대학교 후문을 찾아 시민들을 향해 발언하고 있다. (사진=뉴시스)21일 법조계에 따르면 이 대표 측은 공직선거법 위반 사건을 심리하는 서울중앙지법 형사합의34부(부장판사 한성진)에 ‘절차 진행에 관한 의견서’를 제출했다. 이날 재판과 관련해 재판부에 불출석 의사를 표명한 것이다. 이 대표는 22일 오전 재판에 출석하지 않고 서산 동문시장 방문을 시작으로 당진 시장과 온양온천시장 방문 및 기자회견 등 예정된 일정을 그대로 소화할 것으로 예상된다. 앞서 이 대표는 ‘대장동·위례신도시 개발 특혜와 성남FC 후원금 의혹’ 재판부에 개정 시간을 미뤄달라고 요청했다가 거절당하자 12일 재판에 ‘지각’했다. 이후 19일 재판은 이 대표의 불출석으로 아예 파행됐다. 그는 강원 지역 선거 유세 지원을 위해 지난 18일 재판부에 불출석 사유서를 제출했다. 하지만 대장동 사건을 심리하는 재판부가 이를 받아들이지 않자 재판에 불출석했다.이 대표 측은 4월 10일로 예정된 총선이 끝날 때까지 현실적으로 재판 출석이 어렵다는 입장이다.앞서 재판부가 이 대표 측 변호인에 “다음번에도 안 나올 것인가”라고 묻자 이 대표 측은 “현실적으로 선거 때까지는 (어려울 것 같다)”고 답했다.이에 재판부는 “선거 일정 때문에 못 나오는 것은 고려할 수 없어 강제로 소환할 방법을 고려해야 할 것 같다”며 강제구인 가능성을 시사했다. 강제구인이란 피고인이나 증인 따위를 신문하기 위해 일정한 장소로 끌고 가는 법원의 강제 처분으로 소환에 응하지 않는 경우 법원의 영장에 의해 집행된다."
"“아내가 심한 진통 겪어”…40분 거리 병원 향하던 임신부 결국"|"https://n.news.naver.com/article/018/0005697708?ntype=RANKING"|"https://mimgnews.pstatic.net/image/origin/018/2024/03/21/5697708.jpg"|"2024-03-21 22:34:03"|"인천 영종도 구급차에서 출산구급대원 “무사히 출산 도와 다행”[이데일리 이로원 기자] 진통을 호소하던 30대 임신부가 병원으로 가던 중 119구급대원들의 도움으로 구급차 안에서 무사히 출산했다.119 구급차에서 출산한 임신부. (사진=인천소방본부 제공)21일 인천소방본부에 따르면 전날 오전 7시40분께 중구 운서동 영종하늘도시 아파트에서 “36주 임신부가 심한 진통을 겪고 있다”는 남편의 신고가 접수됐다.운서119안전센터 구급대 소속 김선우(30) 소방사와 박진배(43) 소방장은 8분 만에 현장에 도착했다.임신부 A씨의 진통이 시작됐지만 영종도의 지리적 위치상 평소 다니던 미추홀구 여성병원까지 40분 넘게 걸리는 상황이었다. 여기에 가장 가까운 서구 청라국제도시에 있는 병원도 30분가량 가야 했다.간호사인 김 소방사는 심상치 않은 상황임을 직감해 곧바로 분만 세트를 준비했고 얼마 지나지 않아 A씨의 양수가 터졌다.김 소방사는 의사의 의료 지도를 요청한 뒤 유선으로 지시를 받으며 오전 8시 9분께 남아를 무사히 받아냈다. 현장에 도착한 지 20분 만이었다.A씨는 곧바로 미추홀구 병원으로 옮겨졌고, 산모와 아이는 모두 건강한 상태다.김 소방사는 “원래 간호사인 데다 특별교육을 받은 적이 있어 그나마 수월하게 분만을 유도할 수 있었다”며 “출근 시간이라 차가 많이 막혀 분초를 다투는 상황이었지만 무사히 출산을 도와 다행”이라고 말했다.인천소방본부 관계자는 “구급대원이 응급구조와 전문교육, 실습 등을 수료했고, 구급차에 구비된 분만키트를 이용해 무사히 출산을 도울 수 있었다”고 했다."
"'절대 딸 시신 보지 말라고'...결혼 앞둔 여친을 왜 190번이나"|"https://n.news.naver.com/article/018/0005697963?ntype=RANKING"|"https://mimgnews.pstatic.net/image/origin/018/2024/03/22/5697963.jpg"|"2024-03-22 09:55:06"|"[이데일리 박지혜 기자] 결혼을 약속한 동거남에게 잔혹하게 살해당한 피해자의 어머니는 차마 숨진 딸의 마지막 모습을 볼 수 없었다.피해자 어머니는 지난 21일 JTBC 사건반장을 통해 “얼굴 목에 가장 많이 상해가 가해졌다”며 “시신을 수습한 119대원이 공교롭게도 저희 아이와 동창이었다. 걔도 큰 상처가 됐고 (딸의 시신은) 도저히 엄마, 아빠가 미리 가셔서 보면 절대로 안 된다고 전화해줄 정도였다. 부모들이 시신을 보면 살 수가 없다고 (했다)”라고 말했다.사진=JTBC 사건반장 방송 캡처류모(28) 씨는 지난해 7월 24일 낮 12시 59분께 강원 영월군 영월읍 덕포리 한 아파트에서 동거 중인 20대 여성 A씨를 집에 있던 흉기로 190여 회 이상 찔러 살해한 혐의로 재판에 넘겨졌다.범행 직후 류 씨는 112에 “제가 여자친구를 죽였다”고 범행 사실을 알렸다.A씨와 결혼을 앞두고 있었던 류 씨는 범행 동기에 대해 “이웃과 층간소음 문제로 갈등을 겪는 와중에 A씨로부터 모욕적인 말을 듣고 격분해 범행을 저질렀다”고 진술했다.1심을 맡은 춘천지법 영월지원 형사1부(김신유 지원장)는 지난 1월 11일 “층간소음 등 극도의 스트레스를 겪던 중 격분해 우발적으로 범행한 것으로 보이고 경찰에 곧바로 신고한 데다 유족보호금을 피고인 가족이 지급한 점 등을 고려했다”며 류 씨에 징역 17년을 선고했다.이에 류 씨는 양형부당과 함께 ‘범행 당시 심신상실 또는 심신미약 상태에 있었다’고 주장하며 항소장을 냈다.검찰도 1심 양형과 위치추적 전자장치(전자발찌) 부착 명령 청구 기각에 불복해 항소했다.검찰은 지난 20일 서울고법 춘천재판부 형사1부(민지현 부장판사) 심리로 열린 류 씨에 대한 항소심 첫 공판에서 원심과 마찬가지로 징역 25년을 선고해달라고 요청했다.검사도 “부검 서류를 봤는데 차마 쳐다볼 수 없을 정도로 너무 안타까웠다. 피해자가 이렇게 죽을 만한 행동을 한 적이 없다”며 “징역 25년 구형도 개인적으로 적다고 생각한다”고 말했다.류 씨 변호인은 “이 사건 이전에 두 사람 간 특별한 싸움이나 갈등이 없었다”며 “이웃 간 소음과 결혼 준비 등으로 인한 스트레스가 원인으로 보인다”고 주장했다.이어 “피고인은 왜 범행했는지, 어떻게 했는지 기억을 못 하고 있고 정신을 차렸을 땐 (살인) 행위가 끝나고 극단적인 선택을 하려 했다고 주장하고 있다”며 “이전에 폭력 성향도 없었던 점 등을 고려하면 범행 당시 심신상실 또는 심신미약 상태에 있었다고 봄이 타당하다”고 덧붙였다.또 류 씨가 범행 뒤 스스로 112에 신고한 점을 근거로 자수감경이 이뤄져야 한다고 주장하기도 했다.앞서 류 씨의 엄중 처벌을 바라며 딸의 이름과 얼굴을 공개한 A씨 어머니는 “1심 판결문에 피해자 보호와 관련해선 아무런 말이 없었고 피고인 사정만 전부 받아들여졌다”고 토로했다.그러면서 “유족구조금을 받았는데, 이게 양형에 참작된다는 걸 알았다면 절대 받지 않았을 것”이라고 울분을 토했다.진술 내내 흐느낀 피해자 어머니는 류 씨를 향해 “○○야, 네가 죗값 달게 받고 나오면 너 용서할게. 제대로 죗값 받고 나와. 벌 달게 받고 나와”라고 말하기도 했다.어머니는 사건반장에서도 “왜 반성을 판사님한테 하느냐. 저한테 해야지. 누가 뭘 용서를 하냐”며 “저를 보면 걔(류 씨)가 ‘어머니 잘못했습니다’라고 한마디 할 줄 알았다. 그걸 기대했는데 한참 기다려도 ‘잘못했습니다’ 소리를 안 하고 울기만 하더라”라고 전했다.피해자 유족은 여전히 류 씨가 A씨를 살해한 건지 알 수 없다며 분통을 터뜨렸다.오윤성 순천향대 경찰행정학과 교수는 ‘6분가량’밖에 안 되는 범행 시간을 언급하며 “우발적인 것이 아니다”라고 분석했다.오 교수는 또 “(류 씨가) 전문 조사관과의 면담에서 ‘여자친구를 죽이면 고통에서 해방될 것 같았다’고 얘기했으면서 나중에 ‘그런 얘길 한 적이 없다’고 하는, 저는 이 말에 굉장히 주목하고 싶다”며 “실제로 뭔가 할 얘기는 있는데 얘기하기 싫은 거다. 류 씨가 범행 직후 통화하면서 결혼에 대해 ‘억울하다’는 얘기를 한 것으로 알려졌는데, 그렇다면 결혼을 진행하는 과정에서 걸림돌이 있었을 가능성이 있다”고 말했다.이날 방송에선 류 씨의 이름과 얼굴을 공개하기도 했다.류 씨에 대한 선고 공판은 다음 달 17일 열린다."
"[속보]'입시비리 혐의' 조민 1심 '유죄'…벌금 1000만원"|"https://n.news.naver.com/article/018/0005698006?ntype=RANKING"|"https://mimgnews.pstatic.net/image/origin/018/2024/03/22/5698006.jpg"|"2024-03-22 10:15:03"|"[이데일리 백주아 기자] 입시비리 혐의로 재판에 넘겨진 조국 조국혁신당 대표(전 법무부장관)의 딸 조민씨가 1심에서 유죄를 선고받았다. 서울중앙지법 형사16단독 이경선 판사는 22일 오전 10시 위계공무집행방해 등 혐의로 기소된 조씨에 대해 1000만원의 벌금형을 선고했다. 입시 비리 혐의로 기소된 조국 조국혁신당 대표의 딸 조민 씨가 22일 오전 서울중앙지법에서 열린 1심 선고공판에서 벌금 1천만원을 선고 받고 법원을 나서고 있다.(사진=이데일리 김태형 기자)"
"조수진도 사퇴했지만 박용진은 안 된다…“차점자 승계 없다”는 민주당"|"https://n.news.naver.com/article/082/0001261522?ntype=RANKING"|"https://mimgnews.pstatic.net/image/origin/082/2024/03/22/1261522.jpg"|"2024-03-22 08:41:01"|"안규백 전략공관위원장 “차점자 승계 없다…전략공천”이재명 대표에 당무에 관한 전권 위임돼 이 대표가 공천더불어민주당이 서울 강북을 후보 교체와 관련, 박용진 의원은 안 된다는 입장을 다시 밝혔다. 사진은 21일 오전 강북을 후보에서 사퇴한 조수진 후보가 지난 20일 국회에서 열린 더불어민주당 서울시당 선거대책위원회 출범식에서 이재명 대표, 류삼영 후보와 기념촬영을 하는 모습. 연합뉴스 제공.더불어민주당이 서울 강북을 후보 교체와 관련, 박용진 의원은 안 된다는 입장을 다시 밝혔다. 이 지역에서는 정봉주 전 의원에 이어 조수진 변호사까지 경선 승리 이후 도덕성 문제로 교체됐지만 현역 의원인 비명(비이재명)계 박 의원에게는 공천을 줄 수 없다는 입장이다.민주당 안규백 전략공천위원장은 22일 CBS 라디오 ‘김현정의 뉴스쇼’ 인터뷰에서 강북을 공천과 관련 “(경선) 차점자의 (공천) 승계는 거의 없다”면서 “전략공천만 가능하다”고 밝혔다. 안 위원장은 “(경선에서 승리한) 후보에 대한 흠결과 하자로 인해서 발생된 요인이기 때문에 제3의 인물이 가는 것이 원칙”이라고 강조했다. 민주당은 1·2차 경선에서 승리했던 정 전 의원이 막말 논란으로 사퇴했을 때도 차점자 공천은 없다며 박 의원을 배제한 바 있다.안 위원장은 “지금 바로 (투입)해야 되기 때문에 이미 준비된 후보들을 가지고, 어떤 경우가 됐든지 간에 이길 수 있는 후보를 내보내야 된다”고 강조했다. 그러나 이 지역 현역인 박 의원은 불가능하다면서 “흩어진 당심을 모을 수 있는” 후보가 필요하다고 밝혔다.민주당은 22일 오전 서울 강북을 공천을 결정할 예정으로 이재명 대표에게 전권을 위임한 것으로 전해졌다. 안 위원장은 “당 대표한테 당무위원회에서 모든 상황의 당무에 대해서 전권을 위임했다”며 “당 대표가 (강북을 공천에 대해) 여러 가지 의견을 듣고 있는 과정”이라고 밝혔다.한편 조 변호사는 22일 오전 페이스북을 통해 후보직을 사퇴했다. 지난 19일 박 의원과의 경선을 통해 후보로 확정된 지 사흘 만이다. 조 변호사가 후보직 사퇴를 선언한 것은 변호사 시절 다수의 성폭력 피의자를 변호했다는 논란이 걷잡을 수 없이 번졌기 때문이다."
"한 총리 '공보의·군의관 247명 추가 지원… 시니어 의사 고용 지원도'"|"https://n.news.naver.com/article/082/0001261529?ntype=RANKING"|"https://mimgnews.pstatic.net/image/origin/082/2024/03/22/1261529.jpg"|"2024-03-22 09:52:01"|"정부가 의과대학 정원 2천명 확대를 발표한 뒤에도 전공의를 중심으로한 의사들의 반발이 계속되고 있는 22일 오전 한덕수 국무총리가 서울 종로구 정부서울청사에서 열린 의사 집단행동 대응 중앙재난안전대책본부 회의에 참석해 발언하고 있다. 연합뉴스한덕수 국무총리가 의대 정원 증원에 반대하는 의료계 집단행동에 대응해 공보의와 군의관을 추가 지원하겠다고 밝혔다.22일 정부서울청사에서 열린 '의사 집단행동 중앙재난안전대책본부 회의'에서 한 총리는 ""다음 주 월요일에 247명의 공보의와 군의관을 추가 지원하겠다""고 말했다.이로써 앞서 투입된 인력에 이어 총 413명의 공보의·군의관이 의료 공백을 메우게 된다.또 한 총리는 ""4월 중 국립중앙의료원에 '시니어 의사 지원센터'를 열어 시니어 의사를 새롭게 채용하거나 퇴직 예정 의사를 계속 고용하는 의료기관과 연계한 지원방안도 마련하겠다""고 밝혔다."
"기울지 않은 부산 민심… 여도 야도 ‘당혹’ [부산일보 2차 여론조사 파장]"|"https://n.news.naver.com/article/082/0001261502?ntype=RANKING"|"https://mimgnews.pstatic.net/image/origin/082/2024/03/21/1261502.jpg"|"2024-03-21 19:07:01"|"국힘, 우세 지역구 8곳에 충격이종섭·수영 공천 등 악재 여파민주, 불리한 여론 급변에 안도9석 목표엔 못 미쳐 여전히 불안4·10총선 후보자 등록이 시작된 21일 부산 북구선거관리위원회에서 북갑, 북을 선거구 후보들이 등록 서류를 제출하고 있다. 왼쪽부터 더불어민주당 전재수, 국민의힘 서병수, 더불어민주당 정명희, 국민의힘 박성훈 후보. 김종진 기자 kjj1761@4·10 총선을 앞두고 부산 18개 지역구 전체 본선 후보를 대상으로 한 〈부산일보〉 여론조사를 두고 지역 정가가 술렁인다. 전석 탈환을 예상한 국민의힘은 충격을 받은 분위기다. 반면 “민심은 다르다”며 자신해온 더불어민주당은 안도하면서도 예상보다 낮은 성적에 당혹감을 감추지 못했다.21일 지역 정치권에 따르면, 부산 여야 대진표가 확정된 후 처음으로 18개 선거구 전체를 대상으로 한 여론조사 결과가 나오면서 양당은 “여론조사에 일희일비하지 않는다”면서도 향후 파장에 촉각을 곤두세우고 있다.우선 그간 더불어민주당과 정당 지지율 격차를 큰 포인트로 따돌려온 국민의힘은 패배의 충격에서 좀처럼 헤어 나오지 못하는 분위기다. 〈부산일보〉 1·2차 여론조사 결과, 국민의힘 후보가 민주당 후보를 오차범위 밖에서 따돌리고 있는 지역구가 8개에 불과하다. 이마저도 부산 수영에 공천 취소된 장예찬 후보가 무소속으로 출마한 점을 감안하면 7개에 그칠 수도 있다. 한 국민의힘 후보는 “불과 한 달 전만 해도 부산 18석 전석 석권도 가능해 보였는데, 분위기가 급변했다”며 “특히 2차 조사의 경우 한동훈 비상대책위원장 부산 방문 직후 진행됐음에도 이 같은 결과가 나온 것에 상당히 당혹스럽다”고 말했다.부산 여권이 당초 예상과 달리 이러한 성적표를 받은 것은 최근 다양한 악재가 중첩된 영향으로 해석된다. 먼저 이날 귀국했지만 해병대 채 상병 순직 사건에 외압을 행사한 혐의로 고위공직자범죄수사처 수사를 받는 이종섭 전 국방부 장관이 주호주 대사로 임명되면서 여론은 급격히 얼어붙었다. 여기다 당 공천관리위원회가 수영을 ‘우선공천’ 지역으로 설정, 부산진을 경선에 패배한 후보를 ‘재활용’ 전략공천하면서 가장 경계해야 할 ‘오만’의 정점을 찍었다는 비판이 나왔다. 그나마 진보세가 강한 낙동강 벨트에서 1곳 승리, 8곳에서는 오차범위 내에 맞붙어 다소 안도하는 분위기도 있다.반면 민주당은 조금은 화색이 도는 모습이다. 민주당 이재명 대표 부산 방문 이후 불거진 산업은행 부산 이전 침묵·지방 의료 홀대 등의 논란으로 부산 여론이 급격히 얼어붙어 왔기 때문이다. 하지만 당초 18석 중 9석 확보라는 목표에 여전히 미치지 못하는 만큼 긴장의 끈을 놓지 않았다. 당초 민주당은 현역 3인방이 있는 남(박재호), 북갑(전재수), 사하갑(최인호) 외에 추가로 6개의 지역구를 탈환하겠다는 목표를 세운 바 있다. 하지만 실제 여론조사에서는 사하갑 외에 두 사람 모두 오차범위 내에서 앞서고 있는 데 그치는 것으로 나타났다.특히 민주당에 호재인 이른바 ‘2차 윤-한(윤석열-한동훈) 갈등’이 봉합 국면에 접어들면서 기세를 이어갈 동력이 사라지게 돼 불안감은 더욱 커질 수밖에 없는 상황이다. 다만 선거 후반부로 갈수록 정권 심판론이 높아지고 지지층 결집이 이뤄지고 있어 결과를 속단하기엔 이르다는 관측도 제기된다.양당 선거 사령탑은 내달 10일까지 총력을 쏟겠다는 방침이다. 민주당 서은숙 부산시당위원장은 “변화가 필요하다는 시민의 목소리가 확인됐다”며 “마지막까지 겸손하게 최선을 다하겠다”고 말했다. 국민의힘 부산 총괄선대위원장이 유력한 서병수 후보도 “우리가 진정성을 다해서 국민에게 다가가는 전략을 펼친다면 민심은 반드시 우리에게 올 것이라고 믿는다”고 했다.어떻게 조사했나본 여론조사는 〈부산일보〉와 부산MBC의 공동 의뢰로 한국사회여론연구소(KSOI)에서 지난 18~19일 △사하을(응답률 8.3%·응답 503명) △연제(8.4%·503명) △북갑(9.7%·504명) △북을(8.0%·500명) △서동(7.6%·509명) △남(7.6%·509명) △사하갑(8.3%·506명) △사상( 7.6%·501명) △강서(7.0%·503명)에 거주하는 만 18세 이상 성인 남녀를 대상으로 했다.조사에 사용된 피조사자 선정 방법은 통신사에서 제공받은 휴대전화(무선 100%) 가상번호를 활용해 무선 자동응답(ARS) 조사로 진행했다. 가중값 산출과 적용 방법은 올해 2월 말 기준 행정안전부 주민등록 인구 통계를 기준으로 셀가중을 부여했다. 표본오차는 95% 신뢰수준에 ±4.4%(서동·남 95% 신뢰수준에 ±4.3%)다. 기타 자세한 내용은 중앙선거여론조사심의위 홈페이지를 참고하면 된다."
"조민, 입시비리 혐의 유죄 판단… 벌금 1000만 원"|"https://n.news.naver.com/article/082/0001261536?ntype=RANKING"|"https://mimgnews.pstatic.net/image/origin/082/2024/03/22/1261536.jpg"|"2024-03-22 10:35:01"|"입시 비리 혐의로 기소된 조국혁신당 조국 대표의 딸 조민 씨가 22일 오전 서울중앙지법에서 열린 1심 선고공판에 출석하고 있다. 연합뉴스조국혁신당 조국(58) 대표의 딸 조민(32)씨가 입시비리 혐의로 1심에서 유죄 판결을 받았다.22일 서울중앙지법 형사16단독은 허위작성공문서행사, 업무방해, 위계공무집행방해 등 혐의로 기소된 조 씨에게 벌금 1000만 원을 선고했다.조 씨는 어머니 정경심(61) 전 동양대 교수와 함께 2014년 6월10일 부산대 의학전문대학원에 허위로 작성한 입학원서·자기소개서·위조된 동양대 총장 표창장을 제출해 입학사정 업무를 방해한 혐의로 불구속 기소됐다.2013년 6월 17일에는 부모와 함께 서울대 의전원에 허위로 작성된 자기소개서·서울대 법대 공익인권법센터장 명의 인턴십 확인서·동양대 총장 표창장 등 위조된 증빙서류를 제출한 혐의도 받았다.정 전 교수는 대법원에서 유죄 확정판결을 받았고, 아버지 조 대표도 2심에서 유죄를 선고받고 상고심이 진행 중이다.검찰은 정 전 교수의 유죄가 확정될 때까지 조 씨 사건을 처분하지 않고 있다가 공소시효가 임박한 지난해 8월에야 기소했다.이에 조 씨는 재판에서 혐의를 인정하면서도 ""검찰이 위법한 의도로 소추권을 지연 행사했다""며 공소기각을 주장했다.하지만 재판부는 ""부모의 사건이 진행된 뒤 조 씨가 공소 제기됐다고 하더라도 신속한 재판을 받을 권리가 침해됐다거나 검찰이 자의적으로 공소권을 행사했다는 주장을 인정하기 어렵다""며 받아들이지 않았다.재판부는 ""공소사실을 모두 유죄로 인정한다""며 ""일련의 입시비리 범행은 국민의 불신을 야기하고 공정한 경쟁을 위해 오랜 기간 노력한 대다수 사람에게 허탈감과 좌절감을 주는 행위로 비난 가능성이 크다""고 판시했다.다만 ""의학전문대학원 지원 당시 허위 내용 기재를 인식했지만 변조, 위조 등 구체적 과정에 관여하지 않아 이 부분이 공소사실에 포함되지 않은 점, 일부 체험활동은 수행한 점, 수사 초기에는 범행을 부인했으나 지금은 모두 인정하고 입학 관련 소송을 취하했으며 형사처벌 전력이 없는 점 등을 고려했다""고 양형 이유를 밝혔다."
"'이게 웬 돈이야' 땅에 묻혀 사라질 뻔한 2900만 원… 극적 발견해 주인에게로"|"https://n.news.naver.com/article/082/0001261523?ntype=RANKING"|"https://mimgnews.pstatic.net/image/origin/082/2024/03/22/1261523.jpg"|"2024-03-22 08:46:01"|"수도권매립지에서 발견된 현금다발. 연합뉴스실수로 버려진 현금 약 3000만 원을 쓰레기 매립지에서 찾아낸 60대 작업자가 경찰서장으로부터 감사장을 받았다.21일 수도권매립지관리공사에 따르면 이두호 인천 서부경찰서장은 지난달 수도권매립지 제3매립장에서 현금다발을 발견한 폐기물 하역 작업자 박재근(63) 씨에게 감사장을 수여했다.이 서장은 감사장을 통해 ""많은 현금을 찾아 소유자에게 돌려주는 데 기여했다""며 ""깊은 감사를 드린다""고 밝혔다.박 씨는 폐기물 매립 작업과 부대 공사를 하는 기업의 협력업체 소속으로 수도권매립지에서만 30년 넘게 근무한 인물이다.그는 지난달 1일 오전 8시께 건설 장비를 이용해 쓰레기 매립 작업을 하던 중 바닥에 떨어진 5만 원권 지폐 2장을 발견했고, 이후 인근에서 현금다발과 훼손된 지폐를 추가로 찾아냈다.당시 박 씨가 찾은 현금은 모두 2900만 원이었다. 5만 원권 지폐 100장짜리 묶음 5개가 검은 비닐봉지 안에 들어 있었고, 나머지 400만 원은 5만 원권으로 매립장에 흩어져 있었다.경찰이 현장에서 함께 발견된 은행 서류 등을 토대로 소유자를 찾은 결과 실수로 현금을 버린 것으로 파악됐다.박 씨는 ""매립장에서 오래 일하면서 '사연이 있는 물건을 찾아 달라'는 간곡한 부탁을 많이 받았다""며 ""물건을 못 찾은 적도 있지만 이번에는 현금다발을 운 좋게 발견했다""고 말했다.이어 ""맡은 일을 했을 뿐인데 많은 칭찬을 받아 몸 둘 바를 모르겠다""며 미소지었다.수도권매립지공사 역시 ""관련 절차에 따라 현금다발을 발견한 사실을 먼저 신고했고 청렴 문화를 조성하는 데 기여했다""며 박 씨에게 표창장을 수여했다."
"'소주 한 잔 주세요'...식당에서 '잔술' 판매 가능해진다"|"https://n.news.naver.com/article/052/0002013563?ntype=RANKING"|"https://mimgnews.pstatic.net/image/origin/052/2024/03/22/2013563.jpg"|"2024-03-22 09:00:01"|"ⓒ게티이미지뱅크이르면 다음 달부터 식당에서 소주 '한 잔'을 시킬 수 있게 된다. 주류 도매업자가 무알코올 맥주를 납품하는 것도 허용된다.20일 기획재정부는 이 같은 내용을 담은 주류 면허 등에 관한 법률 시행령 개정안을 입법 예고했다.개정안은 주류 판매업 면허 취소의 예외 사유로 '주류를 술잔 등 빈 용기에 나누어 담아 판매하는 경우'를 명시했다. 소주 같은 술을 병이 아닌 '잔' 단위로 파는 것도 허용한다는 의미다.또 '주류를 냉각(얼리는 것을 포함한다) 하거나 가열하여 판매하는 경우'와 '주류에 물료를 즉석에서 섞어 판매하는 경우'도 주류 판매업 면허 취소 예외 사유로 규정했다.아울러 개정안에는 종합 주류 도매업자가 주류 제조자 등이 제조·판매하는 비알코올·무알코올 음료를 주류와 함께 음식점에 공급할 수 있도록 하는 내용도 담겼다. 이전까지는 도수가 1% 이상인 주류만 유통 가능했다.기재부는 ""현행 제도의 운용상 미비점을 보완하기 위한 법 개정""이라며 ""입법 예고 기간 의견을 수렴해 개정안에 반영하겠다""고 설명했다."
"한동훈, '대구·경북' 공략...다음 주 박근혜 예방"|"https://n.news.naver.com/article/052/0002013510?ntype=RANKING"|"https://mimgnews.pstatic.net/image/origin/052/2024/03/22/2013510.jpg"|"2024-03-22 05:03:10"|"[앵커]국민의힘 한동훈 비상대책위원장이 총선을 20일 앞둔 어제(21일) 강세 지역인 대구와 무소속 후보의 거센 도전을 받는 경북 경산을 찾았습니다.다음 주 박근혜 전 대통령 예방 사실을 공개하며 보수 지지층 결집에 힘을 실었습니다.강민경 기자가 다녀왔습니다.[기자]대구를 찾은 한동훈 위원장은 윤재옥 원내대표의 달서을 선거사무소 개소식부터 들렀습니다.총선 후보자 등록이 시작된 첫날, 당 핵심 지도부를 지원사격한 겁니다.야당의 도덕성을 문제 삼고, 집토끼 결집을 강조했습니다.[한동훈 / 국민의힘 비상대책위원장 : 범죄자 연대들이 이 나라를 장악하게 될 겁니다. 그걸 막아야 할 겁니다. 대구 경북의 힘이 전국으로, 전국으로 우리 목소리가 퍼져나가야만 이길 수 있습니다.]오후엔 김기웅 전 통일부 차관을 전략 공천한 대구 중·남구를 찾아갔습니다.5·18 폄훼 발언으로 공천이 취소되자 이 지역에 무소속 출마한 도태우 변호사의 견제 차원이란 해석이 나왔습니다.이른바 박근혜 전 대통령의 집사인 유영하 후보가 대구 일정에 동행한 가운데 국민의힘은 다음 주 한동훈 위원장이 박 전 대통령을 만날 거란 사실을 공개했습니다.[한동훈 / 국민의힘 비상대책위원장 : 전국을 여러분의 마음으로 뒤덮을 겁니다. 저희가 20일 남은 동안 국민의 마음을 얻기 위해서 최선을 다할 것이라는 말씀을 드립니다.]3자 구도가 형성된 경북 경산에선 무소속 최경환 후보에 반해 상대적 열세인 조지연 후보를 지원사격했습니다.대구 경북, TK에서 표심 결집에 나선 한동훈 위원장은 오늘(22일)은 충남을 찾아갑니다.상대적으로 부동층이 많은 곳으로 꼽히는 중원에서 외연을 확장하겠단 전략으로 보입니다.YTN 강민경입니다.촬영기자: 이성모 한상원영상편집: 송보현그래픽: 이원희※ '당신의 제보가 뉴스가 됩니다'[카카오톡] YTN 검색해 채널 추가[전화] 02-398-8585[메일] social@ytn.co.kr"
"尹, 민생특보에 주기환 임명...與 '비례 탈락' 하루만"|"https://n.news.naver.com/article/052/0002013440?ntype=RANKING"|"https://mimgnews.pstatic.net/image/origin/052/2024/03/21/2013440.jpg"|"2024-03-21 23:02:28"|"[앵커]여당 위성정당인 국민의미래 비례대표 공천에서 탈락한 주기환 전 국민의힘 광주시당 위원장이 신설된 대통령실 민생특보로 전격 임명됐습니다.'친윤 핵심' 이철규 의원이 한동훈 지도부에 직접 추천했던 인물인데, 대통령실은 민생 과제 발굴을 발탁 사유로 설명했습니다.박광렬 기자가 보도합니다.[기자]윤석열 대통령이 장관급 민생특별보좌관 직책을 새로 만들고, 주기환 전 국민의힘 광주시당 위원장을 임명했습니다.주 전 위원장이 국민의힘 위성정당의 비례대표 후보에서 사퇴한 지 사흘, 최종 배제된 지 하루 만입니다.공지부터 수여식까지, 20여 분 만에 일사천리로 임명 절차가 진행됐습니다.""위촉장 주기환, 대통령 민생특별보좌관에 위촉함. 2024년 3월 21일. 대통령 윤석열.""대통령실 고위관계자는 YTN에 민생 과제 발굴과 호남 민심 배려, 정책 등에 대한 호남 요구 수렴 등이 주요 배경이라고 설명했습니다.검찰 수사관 출신인 주 전 위원장은 지난 2003년 광주지검을 시작으로 윤 대통령과 근무하며 인연을 맺은 측근으로 분류됩니다.앞서 여당 위성정당 비례대표 후보에 지원했지만, 당선권 밖으로 평가되는 24번을 받게 되자 후보직을 스스로 내려놨습니다.'친윤 핵심' 이철규 의원은 공개적으로 지도부에 주 전 위원장 추천 사실을 거론하기도 했습니다.[이철규 / 국민의힘 의원 : 광주시장 후보로 출마해서 상당한 득표를 올리면서 호남 지역에 우리 당의 당세를 확장하는 데 큰 공헌을 하신 분입니다. 그런 분을 추천하는 것이 사천입니까?]후보 등록일 전날 밤 친윤계 요구가 일부 반영돼 호남과 당직자 몫 순번이 조정됐지만, 주기환 전 위원장은 끝내 빠졌습니다.'윤-한 갈등'이 총선을 앞두고 잠시 수면 아래로 내려간 것뿐이란 분석이 나왔던 이유인데, 대통령실의 예상 밖 민생 특보 임명도 이와 무관치는 않아 보입니다.YTN 박광렬입니다.촬영기자 : 이성모 한상원영상편집 : 이영훈그래픽 : 지경윤※ '당신의 제보가 뉴스가 됩니다'[카카오톡] YTN 검색해 채널 추가[전화] 02-398-8585[메일] social@ytn.co.kr"
"[단독] 소방관 '생명줄' 공기호흡기 불량 속출...3년 전에도 '리콜'"|"https://n.news.naver.com/article/052/0002013513?ntype=RANKING"|"https://mimgnews.pstatic.net/image/origin/052/2024/03/22/2013513.jpg"|"2024-03-22 05:11:57"|"[앵커]화재 현장에서 공기호흡기는 소방관들 목숨을 지켜주는 생명줄과 같습니다.그런데 이 공기호흡기 가운데 연기를 차단하지 못하는 불량품이 속출하고 있는 것으로 YTN 취재 결과 확인됐습니다.이미 만6천 개는 부품을 교체하기로 했는데, 조사 결과에 따라 더 늘어날 수도 있습니다.우종훈 기자의 단독 보도입니다.[기자]지난해 7월, 20여 년 경력을 지닌 소방관은 반지하 주택 화재 진압 도중 아찔한 경험을 했습니다.공기호흡기를 착용했는데도 연기가 그대로 들어와 사고를 당할 뻔한 겁니다.[서울소방본부 A 소방관 : 공기호흡기가 불량이어서 면체 내로 오염물질이 막 들어오는 거예요. 현장 경험이 많기 때문에 탈출했지. 경험이 없는 직원들 같은 경우는 당황해서 패닉에 빠져버립니다.]지난해 11월 경기소방학교에서 훈련받던 교육생도 비슷한 문제를 발견했습니다.이틀 뒤, 다른 교육생 2명은 공기호흡기를 쓰고 화재 진압 훈련을 하다 실제 연기를 흡입하기도 했습니다.모두 같은 제조사에서 만든 공기호흡기입니다.그러자 경기 소방은 지난해까지 보급된 관내 만6천 점을 교체하기로 결정하고,전국에 보급된 같은 기종도 모두 바꿔야 한다고 소방청에 보고했습니다.소방관들이 얼굴에 착용하는 공기호흡기 면체입니다.화재 현장에선 이처럼 장치를 조작해 외부 유해물질을 막아주는 소방관에겐 생명줄인데 이것이 제 기능을 못하는 상황이 발생한 겁니다.불길 속 생사를 넘나드는 위급한 현장에 불량 장비가 지급됐단 사실에 소방관들은 분통을 터트립니다.[서울소방본부 A 소방관 : 이물질이 흡입돼버리면 0.7초도 안 걸려요. 그냥 쓰러져 버리고 기절해버립니다. 사람 목숨을 갖고 장난치는 거나 똑같은 것 아닙니까?]제조사는 부품들 규격이 맞지 않아 공기 유입구가 제대로 닫히지 못한 점을 원인으로 추정하고 있습니다.문제는 해당 제조사에서 만든 제품이 불과 3년 전에도 공기 막힘 현상으로 2만여 개나 리콜된 적 있었다는 겁니다.[김길중 / 전국공무원노조 소방본부 : 정말 의심되는 부분도 많고 공급이나 계약 체계에 대해서 철저히 조사를 해봐서…. 소방관들의 생명과 정말 직결되는 문제거든요.]소방청은 제조사와 소방산업기술원 등이 합동 조사했을 때 '이상 없음' 결과가 나왔다며,명확한 원인 규명을 위해 화재나 강추위 등 극한 환경에서 이상 유무를 살피는 조사를 추가로 하고 있다고 설명했습니다.다만, 제품 불량으로 최종 확인되면 모두 교체하겠다고 언급했습니다.해당 제조사에서 만든 공기호흡기는 7만 6천여 개로,전국 소방관에 보급된 전체 공기호흡기의 절반이 넘습니다.YTN 우종훈입니다.촬영기자:심원보 그래픽:이원희※ '당신의 제보가 뉴스가 됩니다'[카카오톡] YTN 검색해 채널 추가[전화] 02-398-8585[메일] social@ytn.co.kr"
"[속보] '입시비리 혐의' 조민 1심 유죄...벌금 천만 원 선고"|"https://n.news.naver.com/article/052/0002013600?ntype=RANKING"|"https://mimgnews.pstatic.net/image/origin/052/2024/03/22/2013600.jpg"|"2024-03-22 10:16:21"|"입시 비리 혐의로 기소된 조국혁신당 조국 대표의 딸 조민 씨가 1심에서 유죄를 선고받았습니다.서울중앙지방법원은 오늘(22일) 위계공무집행방해 혐의 등으로 기소된 조 씨에게 벌금 천만 원을 선고했습니다.조 씨는 조 대표 등과 공모해 2013년 서울대학교 의학전문대학원에 인턴십 확인서 등 허위 서류를 제출해 대학 입학사정 업무를 방해한 혐의를 받습니다.또, 어머니 정경심 전 동양대 교수와 공모해 2014년 부산대학교 의전원에도 허위 입학원서 등을 낸 혐의도 함께 받습니다.지난 1월 결심 공판에서 검찰은 '입시 비리가 끼치는 해악이 매우 크다'면서도 조 씨의 의사 면허가 취소된 점 등을 고려해 징역 1년에 집행유예 3년을 선고해달라고, 재판부에 요청했습니다.※ '당신의 제보가 뉴스가 됩니다'[카카오톡] YTN 검색해 채널 추가[전화] 02-398-8585[메일] social@ytn.co.kr"
"“보건부 차관, 의협 추천” “한약 불법화”… 의협 회장 선거 막바지"|"https://n.news.naver.com/article/005/0001682861?ntype=RANKING"|"https://mimgnews.pstatic.net/image/origin/005/2024/03/22/1682861.jpg"|"2024-03-22 00:04:09"|"의협 회장 후보 5명 중 4명이 ‘강성’‘차관 지명’ ‘한약 불법화’ 파격 공약누가 되든 대정부 투쟁 강화될듯3일 오후 서울 여의도공원 옆 여의대로 인근에서 열린 의대정원 증원 및 필수의료 패키지 저지를 위한 전국의사 총궐기대회에서 참석자들이 의료 탄압 중단 등을 촉구하는 내용의 구호를 외치고 있다. 연합뉴스의대 정원 증원을 놓고 정부와 의료계의 강대강 대치가 이어지는 가운데, 대한의사협회를 이끌 차기 회장 선거가 막바지에 이르렀다. 후보들은 국무위원 후보 추천, 한약 불법화 등 파격적인 공약을 내세우며 의사들에게 투표를 호소했다.22일 의료계에 따르면 의협은 지난 20일부터 이날까지 의협 회장 선거 전자투표를 진행한다. 과반 득표 후보가 없으면 25~26일 1·2위 후보자가 결선투표를 치른다. 의협 소속 의사 13만7928명 중 회비를 낸 5만681명이 유권자다.이번 선거에 후보로 나온 이들은 의대 증원 문제 등 현안을 둘러싼 다양한 공약을 내걸고 지지를 당부했다.의협 비상대책위원회 조직위원장을 맡은 박명하 현 서울시의사회장(기호 1번)은 보건복지부를 보건부와 복지부로 분리한 다음, 보건부 국무위원과 차관 자리에 의협 추천 인사를 등용시키겠다고 공약했다. 공약이 현실화하면 보건부 차관 인사권은 사실상 의협이 쥐게 되는 셈이다.의협 홈페이지 캡처주수호 의협 비대위 홍보위원장(기호 2번)은 당선될 경우 복지부 장·차관과 대통령실 보건복지비서관의 즉각 파면을 정부에 요구하겠다고 밝혔다. 업무개시명령 철회 및 복지부의 사과도 받아내겠다고 했다.임현택 대한소아청소년과의사회장(기호 3번) 역시 의사면허 취소법 개정, CCTV 설치법 개정, 진료보조(PA) 간호사의 의사 대행 금지 등 민감한 사안에 대한 공약을 내놨다.자유한국당 국회의원 출신인 박인숙 전 울산의대 학장(기호 4번)은 “안전성과 유효성 없는 한약 및 한방행위를 불법화하겠다”고 선언하기도 했다.기호 1~4번 후보들은 모두 정부의 의대 증원 정책에 대해 반대 뜻을 분명하게 밝혔다. 예외적으로 기호 5번인 정운용 후보는 공공의료 강화를 내세우며 선거에 임했다. 입후보한 5명 중 4명이 강경파로 분류될 수 있다.이번 선거 결과로 새 집행부가 꾸려질 경우 정부와 의료계의 갈등이 깊어질 것이란 전망이 나온다. 임현택 후보는 “의협 회장 당선 시 의사 총파업을 주도하겠다”고 예고했다. 주수호 후보도 지난 20일 “오늘부터 14만 의사의 의지를 모아 윤석열 정권 퇴진 운동에 나갈 것”이라고 선언했다."
"유시민, 이종섭 임명에 “미친X들”…尹정부 겨냥 ‘막말’"|"https://n.news.naver.com/article/005/0001682960?ntype=RANKING"|"https://mimgnews.pstatic.net/image/origin/005/2024/03/22/1682960.jpg"|"2024-03-22 05:14:02"|"한동훈 위원장 향해서는 “가끔씩 맞아야 된다”발언하다 멈칫하는 유시민 전 노무현재단 이사장. 매불쇼 유튜브 캡처유시민 전 노무현재단 이사장이 수사 회피 의혹을 받는 이종섭 주호주 대사 임명 과정을 비판하면서 “미친놈들”이라고 말한 사실이 21일 알려져 파장이 예상된다.문제가 된 유 전 이사장의 발언은 전날 유튜브 ‘매불쇼’에 출연한 자리에서 나왔다. 그는 “일설에 의하면 이 대사가 믿을 만한 사람이면 안 보냈는데 불리해지면 말을 할 사람이라 빨리 빼라고 해서 언론 접촉이 불가능한 외국 대사관에 딱 포획해서 가둬놓은 것”이라고 주장했다.유 전 이사장은 “아무리 급해도 어떻게 그런 것을 할 수 있나. 그때는 (여권의) 여론조사 지지율이 좋았다. 이 정도는 해도 괜찮을 것 같았거든. 그러나 인간사 새옹지마”라며 이 대사 임명을 비판했다.그는 “여론조사가 하루에 2%, 3%(포인트)씩 계속 오르는 게 나오니까 그 미친”이라고 말한 뒤 손으로 입을 가리며 잠시 멈칫했으나, 곧바로 “미친놈들인 게 (지지율) 40%가 높은 것이냐”고 말했다.유시민 전 노무현재단 이사장. 매불쇼 유튜브 캡처이어 “28%까지 갔다가 40%로 오르니 엄청 오른 걸로 착각한 것이다. 그건 높은 게 아니다”라며 “문재인 전 대통령(지지율)이 제일 낮았을 때 수준이다. 진짜 제정신이 아니어도 분수가 있지”라고 지적했다.외국 대사 임명이 윤석열 대통령의 인사 권한인 만큼 유 전 이사장의 발언은 윤 대통령을 포함한 여권을 겨냥한 것으로 해석된다.유 전 이사장은 “황상무(전 대통령실 시민사회수석)는 본인 망언으로 잘리는 거니 데미지가 없지만, 이 대사는 데리고 오면 대통령으로 추정되는 인물과 전화 통화를 한 것들 때문에 형사적 문제가 되고, 탄핵의 근거가 될 수 있어 급하게 빼돌렸는데 왜 데리고 오나”라는 주장도 폈다.윤석열 대통령과 한동훈 국민의힘 비상대책위원장이 지난 1월 23일 충남 서천특화시장 화재 현장을 방문해 피해 상황을 점검한 뒤 악수하고 있다. 대통령실 제공또 이 대사와 황 전 수석 관련 논란 해법을 두고 윤 대통령과의 ‘갈등설’이 불거진 국민의힘 한동훈 비상대책위원장에 대해선 “안 맞아서 그렇다. 가끔씩 맞아야 되는데”라고 했다.이에 진행자가 ‘구타’를 뜻하는 것인지 묻자 유 전 이사장은 “정치적 구타다. 지난번에도 화재 현장에 가서 한번 정치적 구타를 당하고 수그리지 않았나. 이번에도 정치적 체벌을 당하지 않을까 저러다가”라고 답했다.유 전 이사장은 한 위원장이 총선 후 물러날 것으로 보느냐는 취지의 질문에는 “피조물이 창조주와 어떻게 싸우나. 싸울 수 없다”고 말했다.이번 총선에서 ‘반윤(반윤석열)’ 세력의 의석수가 180석이 나올 경우 정치적 지형 변화를 전망해 달라는 진행자의 요구에는 “(여야가) 협치하든가 (윤 대통령이) 탄핵당하든가 둘 중 하나가 남을 건데 50대 50이라 본다”고 했다."
"“대표팀 은퇴 코앞까지”…손흥민, 10초 침묵뒤 꺼낸 말"|"https://n.news.naver.com/article/005/0001682957?ntype=RANKING"|"https://mimgnews.pstatic.net/image/origin/005/2024/03/22/1682957.jpg"|"2024-03-22 04:54:01"|"“팬들과의 약속…몸이 되는 한 대가리 박고 열심히 하겠다” 진심 전해21일 서울월드컵경기장에서 열린 2026 북중미 월드컵 아시아 지역 2차 예선 C조 3차전 한국과 태국의 경기. 무승부로 경기를 마친 한국 손흥민이 관중에게 인사하고 있다. 연합뉴스“저와 팬분들의 약속이잖아요. 그걸 꼭 지키고 싶고, 제가 이런 약한 생각을 다시는 하지 않도록, 조금 더 강한 사람으로 성장할 수 있으면 좋겠습니다.”한국 축구 국가대표팀 주장 손흥민(32·토트넘)이 21일 서울월드컵경기장에서 열린 2026 국제축구연맹(FIFA) 북중미 월드컵 아시아 2차 예선 C조 3차전 태국과 홈 경기를 1대 1 무승부로 마치고 취재진을 만나 아시안컵 이후 대표팀 은퇴를 진지하게 고려했었다고 털어놨다. 마음을 돌린 건 ‘팬들’ 때문이었다고 했다.앞서 손흥민은 지난달 아시안컵 4강 탈락 직후 “내가 대표팀을 계속할 수 있을지에 대한 생각이 먼저인 것 같다”고 말해 대표팀 은퇴를 염두에 둔 것 아니냐는 해석이 나왔다. 당시 발언에 대한 설명을 묻는 말에 손흥민은 10초간 머뭇거리며 쉽사리 말을 잇지 못했다. 침묵을 깬 손흥민의 첫 대답은 “되게 어려운 질문인 것 같다”였다.21일 서울월드컵경기장에서 열린 2026 북중미 월드컵 아시아 지역 2차 예선 C조 3차전 한국과 태국의 경기. 손흥민이 애국가를 부르고 있다. 연합뉴스손흥민은 “대표팀이라는 자리를 한 번도 당연하게 생각한 적 없다. 매번 감사하고 영광스러웠다”면서도 “나 개인만 생각했다면 그만할 것 같았다”고 털어놨다. 이어 “진짜로 그런 심경이 코앞에까지 갔다. 은퇴한 많은 선수에게 정말 질문도 많이 하고 조언도 구했는데, 솔직한 이야기를 많이 해주셨다”며 “아직 어린 저한테는 분명히 도움이 많이 됐다”고 말했다.손흥민은 “이만큼 사랑을 받는 축구선수는 사실 드물다고 생각한다. 축구선수로서 그렇고, 한 명의 사람으로서도 이렇게 사랑을 받는 걸 당연하게 생각하지도 않았다”면서 “정말 그분(팬)들을 가장 먼저 떠올렸던 것 같다. 이렇게 힘든 상황 속에서 동료들이 그런 걸 다 떠안게 해도 될지도 생각했다. 저로선 쉽지 않은 선택을 했다”고 고백했다.그는 “이런 선택에 있어서 많은 팬분 또 많은 가족분 또 제 주변에 있는 사람들한테 많은 응원을 받아서 정말로 큰 힘이 됐다”며 “그때도 얘기했다시피 어디까지나 저와 축구 팬분들의 약속이다. 약속을 꼭 지키고 싶고 제가 앞으로 이런 생각을, 좀 약한 생각을 다시는 안 할 수 있도록 조금 더 강한 사람으로 성장할 수 있었으면 좋겠다”고 했다.21일 서울월드컵경기장에서 열린 2026 북중미 월드컵 아시아 지역 2차 예선 C조 3차전 한국과 태국의 경기. 전반 대한민국 주장 손흥민이 선제골을 넣은 뒤 주민규와 미소 지으며 코너를 향해 달리고 있다. 연합뉴스이어 “정말 제가 몸이 되는 한, 대한민국 대표팀이 저를 필요로 하는 한, (김)민재가 (앞선 인터뷰에서) 이야기했듯이 대가리 박고 (열심히) 하겠다”며 웃었다.손흥민이 조언을 구한 이들은 박지성 전북 현대 테크니컬 디렉터, FC서울의 주장 기성용, 차두리 전 국가대표팀 코치 등 국가대표 선배들과 아버지 손웅정 SON축구아카데미 감독 등이었다고 한다. 그는 “저한테 항상 진심으로 도움이 되는 분들한테 조언을 많이 구했다. 이 자리를 빌려 조언해주신 분들께 진심으로 감사드린다”고 전했다.21일 서울월드컵경기장에서 열린 2026 북중미 월드컵 아시아 지역 2차 예선 C조 3차전 한국과 태국의 경기. 한국 손흥민이 선취골을 넣고 세리머니를 하고 있다. 연합뉴스손흥민은 최근 태극마크를 놓고 마음고생이 심했다. 이날 태국전은 아시안컵 하극상 논란 이후 치러진 첫 A매치였다. 손흥민은 한국 축구 차세대 간판으로 꼽히는 이강인(파리 생제르맹)과의 물리적 충돌 사실이 알려진 뒤 적잖은 심적 고통을 받은 것으로 보인다. 아시안컵 직후 그는 토트넘 구단 채널과 인터뷰에서 “인생에서 가장 힘들다고 할 수 있는 한 주였다”고 밝히기도 했다.손흥민은 탁구게이트 등 각종 풍파에 휩쓸렸던 대표팀이 이제 봉합되고 있다고 확언했다. 이날 손흥민의 득점에도 불구하고 경기 결과는 무승부로 끝났으나, 손흥민은 황선홍 임시 감독 체제에서 손발을 맞춘 기간이 길지 않았는데도 이 정도 팀워크를 보여줬다는 게 고무적이라고 봤다. 21일 서울월드컵경기장에서 열린 2026 북중미 월드컵 아시아 지역 2차 예선 C조 3차전 한국과 태국의 경기가 1-1 무승부로 끝난 뒤 한국 손흥민과 이강인이 서로 격려하고 있다. 연합뉴스손흥민은 “뭉쳐서 무언가 하나라도 더 해보려고 했던 게 오늘 경기의 가장 긍정적인 부분”이라며 “경기에 뛰는 선수, 뛰지 않는 선수 모두가 하나가 되려고 노력하는 모습이 우리에게 필요했는데 그런 모습을 보여줘 고맙다는 말을 꼭 해주고 싶다”고 강조했다.이강인과 그라운드에서 뛰는 게 즐겁다는 말도 덧붙였다. 이강인은 이날 후반 17분 정우영(슈투트가르트)과 교체로 투입돼 공격 흐름을 바꿔놨다. 손흥민은 “강인 선수가 교체로 들어와서 분위기를 전환하려고 노력했고, 실제로 전환했다고 생각한다”며 “강인 선수가 선수로서 한 단계씩 성장하는 부분을 느낄 수 있어서 같이 뛰면 즐겁다”고 얘기했다.21일 서울월드컵경기장에서 열린 2026 북중미 월드컵 아시아 지역 2차 예선 C조 3차전 한국과 태국의 경기. 1-1 무승부로 경기를 마친 손흥민이 그라운드를 돌며 팬들에게 인사하고 있다. 연합뉴스인터뷰를 마친 이후 손흥민은 홀로 경기장을 한 바퀴 돌며 팬들에게 일일이 인사했다. 변함없이 뜨거운 응원을 보내준 팬들을 향한 감사의 의미로 읽혔다. 이날 상암 구장에는 6만5000명에 가까운 만원 관중이 동원됐다.황선홍호는 22일 태국으로 출국해 한국시간으로 26일 오후 9시30분 방콕의 라자망갈라 스타디움에서 태국과 아시아 예선 4차전을 치른다."
"‘성범죄 변호 논란’ 민주 조수진, 강북을 후보 자진 사퇴"|"https://n.news.naver.com/article/005/0001682868?ntype=RANKING"|"https://mimgnews.pstatic.net/image/origin/005/2024/03/22/1682868.jpg"|"2024-03-22 01:57:01"|"20일 국회에서 열린 더불어민주당 서울시당 선거대책위원회 출범식에서 이재명 대표가 류삼영, 조수진 후보 등과 기념촬영을 하고 있다. 연합뉴스더불어민주당 서울 강북을 후보로 꼽힌 조수진 변호사가 22일 후보직 사퇴 의사를 밝혔다.조 변호사는 이날 오전 0시46분쯤 페이스북에 글을 올려 “후보직을 사퇴한다”고 전했다.그는 “윤석열 정권이 입법권력까지 독점하는 폭정은 막아내야 한다는 생각 하나로 시작했다”며 “출사표가 어떤 평가를 받건 그것보다 이번 총선이 중요했다”고 설명했다.이어 “저는 변호사로서 언제나 의뢰인을 위해 최선을 다했다. 국회의원이 되면 똑같은 자세로 오로지 강북구 주민과 국민을 위해 할 수 있는 모든 일을 다하려고 했다”면서 “그러나 국민들께서 바라는 눈높이와는 달랐던 것 같다”고 했다.또 “제가 완주한다면 선거기간 이 논란은 계속될 것”이라며 “더 이상의 당에 대한 공격을 멈춰달라”고 호소했다.조 변호사는 “짧은 시간 유례없는 압도적 지지로 성원해 주셨던 당원 여러분 감사했다”며 “어제와 오늘 따뜻하게 맞아줬던 강북을 주민 여러분, 부디 당에 대한 지지를 계속 보내주기를 바란다”고 했다.그러면서 “반드시 4·10 총선 승리해달라. 우리는 꼭 이긴다”고 강조했다.조 변호사는 강북을 후보로 뽑혔던 정봉주 전 의원이 ‘목발 경품’ 발언 논란으로 공천 철회 처리되면서 현역 박용진 의원과의 경선을 치러 후보자에 올랐다.그러나 공천 후 성범죄자 변호, 임금체불 변호 등 각종 논란에 휩싸였다. 여성 단체는 물론 여당, 자당 내에서도 후보직 사퇴 촉구 목소리가 이어졌다.특히 과거 아동 성범죄 가해자를 변호하며 “다른 성관계를 통해 성병에 감염됐을 수 있다”는 논리로 피해자 아버지가 가해자일 가능성을 주장한 것으로 알려져 2차 가해 논란이 일었다."
"[속보] 조민, ‘입시 비리’ 1심 유죄…벌금 1000만원"|"https://n.news.naver.com/article/005/0001682989?ntype=RANKING"|"https://mimgnews.pstatic.net/image/origin/005/2024/03/22/1682989.jpg"|"2024-03-22 10:49:01"|"입시 비리 혐의로 기소된 조국혁신당 조국 대표의 딸 조민씨가 22일 오전 서울중앙지법에서 열린 1심 선고공판에서 벌금 1000만원을 선고 받은 뒤 청사를 나서고 있다. 연합뉴스[속보] 조민, ‘입시 비리’ 1심 유죄…벌금 1000만원"
"'그냥 눕자, 지방 병원 파산시켜야'…의사 커뮤니티 연일 논란"|"https://n.news.naver.com/article/008/0005015416?ntype=RANKING"|"https://mimgnews.pstatic.net/image/origin/008/2024/03/22/5015416.jpg"|"2024-03-22 05:33:00"|"서울시내 한 대학병원에서 의료진들이 점심식사를 위해 줄지어 서 있다. /사진=뉴스1전공의 집단 사직 사태와 관련해 의사 커뮤니티에 ""대한민국 의료시스템을 박살 내자""는 내용의 글이 올라와 정부가 법적 조치에 나섰다.뉴스1은 22일 '보건복지부는 전날 이 같은 내용의 글이 의사 커뮤니케이션 앱 '메디스태프'에 올라온 사례를 적발해 업무방해 혐의로 경찰청에 수사 의뢰했다'고 단독 보도했다.  이 글을 쓴  A씨는 ""답은 간단하다. 그냥 누우면 된다. 총선 이후에도 흩어지지 않고 계속 누워서 대한민국 의료 시스템에 비가역적인 막대한 손상을 입혀야 한다""며 ""저희가 근본적으로 이길 수 있는 방법은 이것뿐이고, 우리는 그렇게 할 수 있는 능력이 있다""고 썼다. 이어 ""최루탄을 던지거나, 죽창을 들지 않아도 된다. 그냥 눕기만 하면 되는데 이게 어렵냐""고 덧붙였다.그러면서 ""그냥 계속 드러누워서 빅5 병원에 막대한 피해를 줘야 하고, 많은 지방 사립 병원들을 파산시켜야 한다""며 ""그렇게 되면 나라는 그야말로 아비규환이 될 것""이라고 예상했다.또 ""애초에 말도 안 되는 기형적인 시스템, 언젠가 무너졌을 시스템이니 지금 박살 내서 앞으로 대한민국 의료를 정상화하는 것이 의학도로서 지녀야 할 책임""이라고 주장했다. 메디스태프에는 지난달 19일에도 병원 자료를 삭제하고 로그인을 할 수 없도록 비밀번호를 바꾸라는 내용이 담긴 글이 올라왔다. .이후 경찰은 메디스태프 본사를 두 차례 압수수색 했으며 지난 7일에는 해당 게시글 작성자를 서울 소재 의사로 특정해 업무방해 혐의로 입건했다. 현재 메디스태프 최고기술책임자(CTO)와 직원 등도 출국 금지된 상태다."
"'남편, 여직원과 10시간 동행 싫다' 아내 속앓이…누리꾼들 남편 걱정"|"https://n.news.naver.com/article/008/0005015458?ntype=RANKING"|"https://mimgnews.pstatic.net/image/origin/008/2024/03/22/5015458.jpg"|"2024-03-22 06:28:00"|"남편이 회사 여직원과 왕복 10시간 동안 버스 옆자리에 타고 이동할 일이 있어 신경이 쓰인다는 아내의 사연이 전해졌다. /사진=게티이미지뱅크남편이 회사 여직원과 왕복 10시간 동안 버스 옆자리에 타고 이동할 일이 있어 신경이 쓰인다는 아내의 사연이 전해졌다. 지난 21일 한 온라인 커뮤니티에는 '남편과 여직원 같이 앉아가는 거, 제가 의부증인가요?""라는 제목의 글이 올라왔다. 글을 쓴 A씨는 ""남편이 주말에 서울에서 부산까지 회사 직원 결혼식에 간다. 결혼을 하는 사람이 버스를 대절해줘서 회사 사람들이 거의 그 차를 타고 이동한다고 했다""고 상황을 전했다. 이어 ""제가 몸이 안 좋아서 남편이 결혼식에 혼자 가게 됐다. 당연히 남편이 부장님이랑 옆자리에 앉아서 가게 될 줄 알았는데 그 부장님이 못 가게 되셨다고 들었다""고 덧붙였다. 그러면서 ""같은 부서에서 남편이랑 여직원 둘만 남게 되는데, 당일에 '어디까지 왔냐' 등 연락할 테고 버스에 두 자리가 비어 있다면 당연히 같이 앉아 갈 것 같다""고 예상했다. A씨는 ""부산까지 5시간은 걸릴 텐데 왕복 10시간을 이 여직원과 같이 앉아서 이동하게 된다. 저는 이게 너무 싫다. 남편에게 '여자랑 앉지 마'라고 말은 했어도 진짜 그렇게 할지는 모르는 일이라 신경이 쓰인다""고 털어놨다. 끝으로 누리꾼들에게 ""남편이 결혼식이나 해외 출장, 지방 출장 등을 갈 때 여직원과 같이 앉아서 이동하는 게 기분 나쁜 일 아니냐""고 의견을 구했다. 누리꾼들은 대체로 A씨의 걱정이 과하다는 의견을 냈다. 한 누리꾼은 ""거기 가는 동안 바람날 사이면 그런 일 없어도 이미 바람이 났을 거다. 생각과 상상이 무궁무진하신 거 같은데 멈추는 게 좋다""고 댓글을 남겼다. 또 다른 누리꾼도 ""그렇게 앉아도 초반에 잠깐 대화하다가 각자 쉬면서 가는 게 일반적이다. 그렇게 혼자 의심하고 닦달하면 남편도 점점 지칠 것""이라고 걱정했다. "
"''동방무례지국' 될까 우려'…지하철서 매니큐어 바른 여성 '뭇매'[영상]"|"https://n.news.naver.com/article/008/0005015485?ntype=RANKING"|"https://mimgnews.pstatic.net/image/origin/008/2024/03/22/5015485.jpg"|"2024-03-22 08:19:41"|"지하철에서 손톱에 매니큐어를 바른 여성 승객이 뭇매를 맞고 있다. /사진=JTBC 사건반장 캡처지하철에서 손톱에 매니큐어를 바른 여성 승객이 뭇매를 맞고 있다. 지난 21일 JTBC 사건반장에는 지하철에서 매니큐어를 바르고 있는 여성의 모습이 찍힌 사진이 공개됐다. 제보자는 ""최근 수도권 지하철을 탔다가 갑자기 독한 냄새가 나서 주위를 보니 여성 승객이 매니큐어를 꺼내 손톱에 바르고 있었다""고 밝혔다. 그러면서 ""매니큐어 냄새 때문에 주변에 앉았던 사람들이 멀리 이동하자, 이 여성은 더 편한 자세를 잡고 매니큐어를 한 번 더 덧칠하기까지 했다""고 덧붙였다. 오윤성 순천향대 경찰행정학과 교수는 ""지하철에서 이런 일들이 일상이 되면서 우리나라가 '동방예의지국'이 아닌 '동방무례지국'이 될까 우려된다. 저렇게 하면 안 된다는 것은 유치원 때 배우는 것 아니냐""고 비판했다. 사진=JTBC 사건반장 캡처"
"[단독]'한국 뜬다' 경고 현실로?…'튀르키예 취업 되나요' 의사글 등장"|"https://n.news.naver.com/article/008/0005015533?ntype=RANKING"|"https://mimgnews.pstatic.net/image/origin/008/2024/03/22/5015533.jpg"|"2024-03-22 09:47:28"|"전공의 집단사직이 한달을 넘긴 21일 서울 시내 한 대학병원에서 한 의료진이 이동하는 모습./사진=뉴스1 전공의 집단사직 사태가 한달을 넘기는 등 의정 갈등이 계속되는 가운데 튀르키예 병원에 취업을 알아보는 의사가 등장했다. 정부 태도 변화가 없다면 해외 의사면허를 취득하겠다는 경고가 현실화 되는 모습이다.  22일 튀르키예 한인회 홈페이지에 '튀르키예 의사 면허 관련하여 질문드립니다'라는 제목의 글이 게시됐다. 작성자는 ""외국에서 졸업한 의사가 튀르키예 공공기관이나 국립기관에 취업할 수 있느냐""며 ""'민간 의료기관의 외국보건 전문가 업무절차에 관한 규정'을 보면 민간은 가능한 것 같은데 국공립 기관에서도 의사로 취업이 가능하느냐""고 물었다. 이어 ""법적 제한은 없는지, 이와 관련해 찾아볼 법령이나 고시가 있을지 도움을 요청한다""고 썼다. 지난 8일 올라온 이 글은 350명 넘는 사람들이 봤지만 아직 답글은 없다. 튀르키예 한인회 홈페이지에 올라온 '튀르키예 의사 면허' 관련 질문 글./사진=튀르키예 한인회 홈페이지 캡처 현직 의사로 추정되는 글쓴이가 의정 갈등과 관련해 튀르키예까지 눈을 돌리는 지 여부는 알 수 없다. 그러나 전공의 파업이 장기화 되는 가운데 올라온 글이라는 점에서 개연성이 커 보인다. 정부는 복귀하지 않는 전공의들에게 면허정지 처분을 비롯한 행정·법적 절차를 강행하겠다며 으름장을 놓는 가운데 의료계의 반발 수위도 높아지는 양상이다.실제 의대생들은 최근 성명에서 해외 의사면허 취득을 언급했다. 전국 40개 의과대학·의학전문대학원 학생 대표로 구성된 대한의과대학·의학전문대학원 학생협회(의대협)는 지난 20일 공동 성명서를 내고 '결사항전' 의지를 불태웠다.의대협은 ""이렇게 부족한 시스템 속에서 의학을 배울 순 없고 이런 환경에서 의술을 행하고 싶지 않다""며 ""앞으로 미국 의사면허시험 USMLE, 일본 의사 면허시험 JMLE 등으로 해외 의사면허 취득을 희망하는 학생들을 위한 프로그램, 지원 사업에 착수할 것""이라고 했다. 그러면서 ""이는 정부의 정치적이고 비논리적인 정책 강행으로 인한 결과""라고 했다.해외 의사면허 취득 가능 여부를 떠나 한국 의료계를 바라보는 해외 누리꾼들 반응은 차갑다. '미국판 디시인사이드'로 불리는 커뮤니티 레딧에서 한국 의사들에게 부정적인 견해가 많았다.한 누리꾼은 ""자격을 인정받기 어려울 뿐더러 자국에서 집단사직 사태를 겪고 면허가 정지된 이력이 있는 의사를 받아줄 수 있겠느냐""고 지적했다.  어떤 이는 ""환자에게 미치는 영향이 막대한데 의사들의 집단행동이 정당화될 수 있겠느냐""며 ""경찰관, 소방관 등 어느 직군이 증원에 반대해 파업하느냐""고 비판했다. 또 다른 사용자는 ""인력을 늘려준다는데 왜 반대하느냐""며 ""그럼 환자들과 함께 하는 시간이 늘어나 여유롭게 진료 볼 수 있는 것 아니냐""고 했다. "
"코인은 도박? 집 사고 8억 모았는데…'저축하자'는 여친과 다투다 파혼"|"https://n.news.naver.com/article/008/0005015468?ntype=RANKING"|"https://mimgnews.pstatic.net/image/origin/008/2024/03/22/5015468.jpg"|"2024-03-22 07:39:42"|"3년 연애 끝에 올해 5월 결혼을 앞둔 한 남성이 여자친구와 가상자산 투자를 주제로 말다툼을 하다 '파혼을 결심하는 데 3시간 걸렸다'며 하소연해 화제가 되고 있다. /사진=온라인 커뮤니티 블라인드 캡처 가상자산으로 상당한 재산을 모았음에도 이를 부정적으로 바라보던 연인과 결국 헤어진 남성 사연이 전해졌다.22일 뉴시스에 따르면 직장인 커뮤니티 '블라인드'에 '연애 3년 파혼하는데 3시간 걸렸다'는 글이 올라왔다.작성자 A씨는 ""주변 친구들에게 이야기 하기에는 내 얼굴에 침 뱉기""라면서 ""익명을 빌려 고민을 털어놓고 싶다""고 썼다.사연은 이렇다. A씨는 올해 5월 결혼 예정이었다. 결혼 준비도 착착 진행됐다. 그러다 여자친구와 '저축'에 대한 대화를 하다 다툼이 생겼다. 두 사람은 동갑내기로서 남성은 중소기업에서 월급 250여만원, 여성은 월급 300만원 정도를 받는다.A씨는 ""(나는) 흔히 말하는 코인쟁이라 2017년부터 꾸준히 투자해 부채 없이 경기도 30평대 아파트를 샀다""며 ""2019년식 승용차 하나에 현금 8억원을 갖고 있다. 그중 5억원은 매매하는데 운용하고 있다. 상대방은 그냥 저축으로 1억원 정도 모았다""고 전했다.가상화폐로 상당한 자산을 모았지만 여자친구는 달가워하지 않았다. 가상화폐 투자를 도박의 일종으로 보는 듯했다. 여자친구는 결혼하면 가상화폐 투자를 그만두라고 요구했다.A씨는 ""이유를 물어보니 '그냥 위험해 보이고 저축하면서 살면 되는데 왜 굳이 해야겠느냐'고 말했다""면서 ""그게 발단이 돼서 싸움이 시작됐다""고 했다.여자친구에게 매년 정산한 손익계산서를 보여주며 지금의 아파트를 살 수 있게 된 것도 가상자산 투자 덕이라고 설명했지만 여자친구는 완강했다. '성실하게 저축해서 안전하게 돈 모으자'는 입장이었다. 여자친구는 결국 ""자기야, 내가 그렇게 싫다는 데 꼭 해야겠어? 그냥 내 말 따라주면 안돼?""라고 호소했지만 A씨는 파혼을 결심했다.그는 ""앞으로 살면서 무수히 많이 싸울 텐데 감정적으로 보이는 여자친구의 모습에 실망했다""고 썼다.누리꾼들은 ""코인은 도박"", ""인생 길다. 한 방에 훅 갈 수 있다""는 등 A씨 태도 변화를 요구하는 댓글을 달았지만 A씨는 ""남들이 다 망한다고 할 때 주관대로 투자해 성공했다""며 신념을 꺾지 않았다."
"조국 딸 조민 입시비리 혐의 1심 벌금형‥'국민 불신 야기'"|"https://n.news.naver.com/article/214/0001338037?ntype=RANKING"|"https://mimgnews.pstatic.net/image/origin/214/2024/03/22/1338037.jpg"|"2024-03-22 10:15:46"|"입시비리 혐의로 기소된 조국혁신당 조국 대표의 딸 조민 씨에게 1심 법원이 벌금형을 선고했습니다. 서울중앙지법 형사16단독 재판부는 지난 2013년 서울대 의학전문대학원과 이듬해 부산대 의학전문대학원에 허위 인턴 확인서와 위조 표창장 등을 낸 혐의로 재판에 넘겨진 조민 씨에게 벌금 1천만 원을 선고했습니다. 재판부는 ""입시 비리 범행으로 국민 불신을 일으키고 공정한 경쟁을 위해 오랜 기간 노력하는 많은 사람에게 허탈감과 좌절감을 줘 비난 가능성이 크다""고 설명했습니다. 재판부는 ""부모를 기소한 뒤 시간을 끌다 공소권을 남용해 자신까지 기소했다""는 조 씨측 주장에 대해선 ""수사 초기 조국 부부와 조씨까지 진술을 거부했고, 조씨가 대학들에 낸 서류가 허위인지 알았는지 추가 입증이 필요했다""며 받아들이지 않았습니다."
"'자리 마음에 안 든다'‥공무원 폭행한 농협 조합장 검찰 송치"|"https://n.news.naver.com/article/214/0001337937?ntype=RANKING"|"https://mimgnews.pstatic.net/image/origin/214/2024/03/21/1337937.jpg"|"2024-03-21 20:29:56"|"[뉴스데스크]◀ 앵커 ▶강원도의 한 농협 조합장이 공개된 행사장에서 공무원을 폭행하는 일이 벌어졌습니다.멱살을 잡고 끌고 가서 정강이를 걷어차기도 했는데, 자신의 내빈석 자리가 마음에 들지 않는다는 게 이유였습니다.김도균 기자가 전하겠습니다.◀ 리포트 ▶지난해 10월 강원 양구군에서 열린 양성평등대회 행사장.한 남성이 갑자기 자리에서 일어나 행사 진행을 돕던 다른 남성에게 다가갑니다.그러더니 멱살을 잡고 구석으로 끌고 갑니다.끌려가던 남성이 저항하자, 배를 때릴 것처럼 위협을 가합니다.끌려간 남성은 양구군 6급 공무원, 이 공무원을 끌고 간 남성은 해당 지역 농협 조합장이었습니다.농협 조합장은 자신의 내빈석 자리가 마음에 들지 않는다며 안내하던 공무원의 멱살을 잡고 정강이도 걷어찼습니다.당시 행사장에는 양구군에서 함께 공무원으로 근무하는 이 공무원의 딸도 함께 있었습니다.폭행을 당한 공무원은 전치 2주 상처를 입고 병원 치료를 받아야 했습니다.['폭행 피해' 양구군 공무원 (음성변조)]""내가 생활해 왔던 공무원으로서의 자괴감 같은 게 (들고) 자존심이 확 무너지는 그런 심정이었고…""이 농협 조합장은 사건 발생 나흘 뒤 양구군 홈페이지에 사과문을 올리고 폭행 사실을 인정했습니다.""사려 깊지 못한 행동에 반성한다""면서 ""폭행당한 공무원과 가족들에게 용서를 구한다""고 썼습니다.해당 지역 공무원 노조가 조합장을 공무집행방해와 상해 혐의로 고발했고, 경찰은 이 사건을 기소 의견으로 검찰에 송치했습니다.[박종진/강원도 공무원노조 수석본부장]""공무원에 대한 폭력은 이미 사회적 문제로 인식될 만큼 빈번한 일이 되고 있다.""이에 대해 해당 농협 조합장은 ""피해자가 사과를 받아주지 않아 아직 만나지 못했다""며 검찰 수사 결과를 기다리고 있다""고 말했습니다.공무원노조는 법적 조치와 별개로 조합장의 진정성 있는 사과와 자진 사퇴를 촉구했습니다.MBC뉴스 김도균입니다.영상취재: 최정현 (춘천)MBC 뉴스는 24시간 여러분의 제보를 기다립니다. ▷ 전화 02-784-4000▷ 이메일 mbcjebo@mbc.co.kr▷ 카카오톡 @mbc제보"
"[단독] '채 상병' 재검토 지시받자‥'실무진 '김관진 수사 외압 닮은 꼴' 우려'"|"https://n.news.naver.com/article/214/0001337922?ntype=RANKING"|"https://mimgnews.pstatic.net/image/origin/214/2024/03/21/1337922.jpg"|"2024-03-21 19:56:00"|"[뉴스데스크]◀ 앵커 ▶이어서 해병대 채 상병 사건 수사 외압 의혹과 관련해, MBC가 단독 취재한 내용을 전해드리겠습니다.작년 8월, 당시 국방부장관이던 이종섭 대사가 '채 상병 사건' 기록을 국방부 조사본부에 재검토하라고 명령하자, 당시 조사본부 실무자들이 수사 외압 논란이 일 것을 우려했던 구체적인 정황이 공수처 수사에서 포착됐습니다.과거 김관진 전 장관의, '사이버사령부 댓글 조작 외압 사건'처럼 될 수 있다고 걱정하는 내용의 문자 대화를 확보한 겁니다. 정상빈 기자가 단독 취재했습니다.◀ 리포트 ▶고위공직자범죄수사처는 지난 1월 압수한 국방부 조사본부 관계자의 휴대전화에서, 작년 8월 '채 상병 사건' 재검토 명령을 받은 뒤 ""이 사건이 과거 사이버사령부 댓글 조작 사건처럼 될 수 있다. 조심해야 한다""는 취지로 주고받은 메시지 내역을 확보했습니다.문자에서 언급된 건 김관진 전 국방부 장관의 정치관여와 수사외압 의혹 사건입니다.이명박 정부 시절이던 2012년, 김 전 장관은 총선과 대선 때 사이버사령부 대원들에게 여당에 유리하게 댓글 조작을 지시했습니다.1년여 뒤 댓글 조작에 대한 수사가 시작되자, 김 전 장관은 이번엔 ""댓글 조작 지시를 받았다""는 핵심 진술을 번복시키는 등 수사에 개입한 혐의까지 추가로 드러났습니다.당시 김 전 장관 지시를 받고 수사를 축소했던 게 바로 국방부 조사본부였습니다.이미 비슷한 일로 지휘부가 처벌받는 모습을 지켜본 조사본부 구성원들이, 같은 일이 반복되는 것 같아 우려한 정황이 나온 겁니다.'채 상병 사건' 재검토에 관여한 조사본부 관계자는 ""명령에 따라 사건을 재검토하긴 했지만, 나중에 문제가 될 수 있다고 봤다""며 ""최대한 원칙대로 진행하며, 모든 걸 기록으로 남기려 했다""고 상황을 설명했습니다.조사본부는 법무관리관이나 군 검찰단 등 외부 의견도 모두 서면으로 받았고, 공수처는 이런 기록들도 확보한 것으로 전해졌습니다.이종섭 호주대사 측은 ""군은 수사권이 없어 수사외압은 성립할 수 없다""며 ""법리적으로 처벌할 수 없다""는 입장을 밝혔습니다.하지만, 공수처는 수사권과는 상관없이 이첩 보류나 사건 회수, 재검토 등 이종섭 당시 장관의 명령들이 부당한지 따져봐야 한다고 보고, 당시 실무자들을 차례로 조사할 계획입니다.MBC뉴스 정상빈입니다.영상취재: 정인학 / 영상편집: 배우진MBC 뉴스는 24시간 여러분의 제보를 기다립니다. ▷ 전화 02-784-4000▷ 이메일 mbcjebo@mbc.co.kr▷ 카카오톡 @mbc제보"
"명분 위해 만들었나‥짙어지는 '회의 급조' 의혹"|"https://n.news.naver.com/article/214/0001337987?ntype=RANKING"|"https://mimgnews.pstatic.net/image/origin/214/2024/03/22/1337987.jpg"|"2024-03-22 06:29:28"|"[뉴스투데이]◀ 앵커 ▶이종섭 호주대사가 귀국한 명분은 방위산업 공관장 회의인데요.누가 참석하는지, 언제까지 하는지 명확하지 않습니다. ◀ 앵커 ▶이 대사 귀국을 위해 급조한 것 아니냐는 의혹 속에 사건 규명 목소리는 점점 커지고 있습니다.이덕영 기자입니다.◀ 리포트 ▶이종섭 대사의 귀국 직후 브리핑에 나선 외교부는 복잡한 설명을 내놨습니다.[임수석/외교부 대변인]""유관부처별 협의, 유관부처와 해당 공관장 합동회의, 정책 과제 관련한 유관기관 간 토의, 또한 관련 시설 시찰과 토론 일정을 소화하려면‥""그런데 정작 국방부에선 누가 회의에 참석하는지 정해지지 않았다는 답변이 나왔습니다.[전하규/국방부 대변인]""어느 인원이 참석할지 아마 방사청 자체적으로 검토하고 있는 걸로 알고 있습니다.""방산 수출의 당사자인 주요 방산 업체들도 회의가 열린다는 사실 자체를 모르는 곳이 많았습니다.외교부는 이번 회의의 장소와 구체적인 일정이 모두 비공개라고 밝혔습니다.그러면서 회의가 끝난 뒤에도 이종섭 대사가 공무외 일정으로 한국에 머무는 건 규정상 장관의 허가만 받으면 전혀 문제가 되지 않는다고 덧붙였습니다.하지만, 부임한지 2주도 안된 대사가 정당한 이유없이 오랫동안 자리를 비우는 건 주재국에 대단한 결례일 수 있습니다.이같은 부담을 의식한 듯 한동훈 위원장은 '외교 결례'라는 말을 처음으로 꺼냈습니다. [한동훈/국민의힘 비상대책위원장]""우리는 외교 결례를 무릅쓰고 현직 대사를 귀국하게 했습니다. 정말로 문제가 있었으면 빨리 조사하고 끝내야 되는 것입니다.""이런 가운데, 어제 열린 3차 공판에 앞서 박정훈 대령 측은 이종섭 대사를 증인으로 불러 진실을 밝히겠다고 밝혔습니다.[김정민 / 박정훈 대령 법률대리인]""저희가 증인을 신청할 거고 제1번이 이종섭 국방장관이죠. 물어야 될 게 분명히 있지 않습니까? 국회에서도 정말 새빨간 거짓말을 했고요.""이종섭 대사의 느닷없는 귀국과 함께 채 상병 사건을 둘러싼 각종 의혹을 규명해야 한다는 목소리가 더욱 커지고 있습니다.MBC뉴스 이덕영입니다.MBC 뉴스는 24시간 여러분의 제보를 기다립니다. ▷ 전화 02-784-4000▷ 이메일 mbcjebo@mbc.co.kr▷ 카카오톡 @mbc제보"
"한 총리 '공보의·군의관 247명 추가 투입‥시니어 의사도 새로 채용'"|"https://n.news.naver.com/article/214/0001338035?ntype=RANKING"|"https://mimgnews.pstatic.net/image/origin/214/2024/03/22/1338035.jpg"|"2024-03-22 09:57:20"|"한덕수 국무총리한덕수 국무총리는 의대 정원 증원에 반대하는 의료계 집단행동에 대응해 공보의와 군의관을 추가 지원하겠다고 밝혔습니다.한 총리는 오늘 정부서울청사에서 열린 '의사 집단행동 중앙재난안전대책본부 회의'에서 ""다음 주 월요일에 247명의 공보의와 군의관을 추가 지원하겠다""고 말했습니다.이로써 앞서 투입된 166명까지 합치면 모두 413명의 공보의·군의관이 의료 공백을 메우게 됩니다.한 총리는 또, 지방의대 졸업생이 해당지역 내 병원에서 수련받을 수 있도록 모든 국립대병원에 임상교육훈련센터를 확충하고 3년 주기로 수련 실태를 조사하겠다고 밝혔습니다.이와 함께 ""4월 중 국립중앙의료원에 '시니어 의사 지원센터'를 열어 시니어 의사를 새롭게 채용하거나 퇴직 예정 의사를 계속 고용하겠다""고 덧붙였습니다."
"인도 여행서 '집단 성폭행' 당한 20대女…'후회 안해' 이유는"|"https://n.news.naver.com/article/015/0004963067?ntype=RANKING"|"https://mimgnews.pstatic.net/image/origin/015/2024/03/21/4963067.jpg"|"2024-03-21 20:38:01"|"남편과 텐트 치고 자다 괴한에 성폭행당해 ""여성들 집에서 나와 두려움 없이 여행하라""단 ""캠핑 시 도움 요청 가능한 곳 머물러야""남편과 인도 여행을 갔다 성폭행당한 여성 인플루언서가 자신의 얼굴을 공개하며 당시 사건을 SNS에 알렸다. /사진=vueltaalmundoenmoto 인스타그램 캡처인도에서 남편과 함께 여행하다 집단 성폭행당한 스페인 여성 인플루언서가 인도에 간 것을 후회하지 않는다며, 앞으로도 남편과 함께 여행을 계속할 계획이라고 밝혔다. 지난 19일(현지시간) 홍콩 사우스차이나모닝포스트(SCMP)는 수년간 오토바이를 타고 전 세계를 여행 중인 인플루언서 부부 페르난다(28)와 비센테(63)를 인터뷰한 내용을 보도했다.페르난다는 지난 1일 밤 인도 동부 자르칸드주 둠카에서 남편 비센테와 텐트를 치고 자던 중, 갑자기 들이닥친 괴한들에게 폭행당한 뒤 성폭행당했다. 괴한들은 부부의 목에 흉기를 들이밀며 위협한 상태에서 페르난다를 집단 성폭행하고 돈을 뺏은 뒤 달아났다.사건 당시 함께 폭행당한 남편은 ""최소 7명의 남자가 범행했다""고 경찰에 진술하기도 했다. 현재 경찰은 3명의 용의자를 붙잡고 나머지 5명을 추적 중이다.사건 이후 이들 부부는 거주지인 스페인으로 돌아와 휴식을 취하고 있다. 사람들의 관심 속 사회관계망서비스(SNS)에 당시 상황을 설명하는 영상을 올리기도 했다.그런데 페르난다는 인도에 간 것을 후회하지 않고, 앞으로도 계속 세계를 여행하겠다는 계획을 밝혔다. 페르난다는 ""인도에서 나에게 일어난 일은 안전한 집을 포함해 어디서든 일어날 수 있다""며 ""나는 여성들에게 '집에서 나와 두려움 없이 여행하라'고 조언하고 싶다""고 했다.다만 ""캠핑할 때는 쉽게 도움을 요청할 수 있고 휴대폰 신호가 있는(잡히는) 도로에서 멀지 않은 곳에 머물러야 한다""고 주의를 당부했다.그의 남편 비센테는 ""우리 (부부가 탑승한) 오토바이는 네팔로 갔다가 중국, 라오스, 캄보디아를 거쳐 티베트까지 갈 것""이라며 ""그리고 태국에서 3∼4개월을 보낸 다음 인도네시아, 호주, 뉴질랜드에 가고 싶다""고 했다.그러면서 ""우리는 일본, 한국, 러시아, 몽골을 거쳐 중앙아시아 지역을 여행한 뒤 잠시 유럽으로 돌아왔다가 아프리카 전체를 여행할 것""이라며 ""우리의 계획은 남은 삶 동안 계속 라이딩하는 것""이라고 강조했다.한편 인도에서는 여성을 상대로 하는 성폭행 사건이 빈번하게 발생하는 것으로 보고돼있다. 현지 정부 통계에 따르면 2022년 한 해 동안 전국에서 매일 90여건의 성폭행이 일어났다. 하지만 전문가들은 실제 피해 건수가 이보다 많을 것으로 추정한다. 피해자에게 오명을 씌우는 데다 경찰 조사에 대한 불신으로 신고되지 않은 경우도 적지 않기 때문이다.2012년 12월 인도 뉴델리에선 당시 23세 여대생이 버스 안에서 성인 남성 5명과 10대 소년에게 성폭행과 신체 훼손을 당해 숨진 뒤 거리에 방치되는 사건이 발생하기도 했다. 이 사건으로 전 세계적 공분이 일자, 성폭행범에게 사형을 선고할 수 있도록 법이 개정됐다."
"'떡갈비 먹다 잇몸에 돼지털이…항의하자 블랙컨슈머 낙인'"|"https://n.news.naver.com/article/015/0004963109?ntype=RANKING"|"https://mimgnews.pstatic.net/image/origin/015/2024/03/22/4963109.jpg"|"2024-03-22 07:56:01"|"업체 측 ""소비자가 정신적 피해 보상 등 과도한 보상 요구""유명 떡갈비에서 나온 이물질은 식품의약품안전처 확인 결과 플라스틱처럼 뻣뻣한 1cm 길이의 돼지털이었다. / 사진=연합뉴스유명 떡갈비를 먹다 잇몸에 이물질(돼지털)이 박히는 피해를 입은 소비자가 업체에 의해 '블랙 컨슈머'(악성 소비자)로 낙인찍혔다고 주장했다. 업체 측은 소비자가 정신적 피해 보상 등 과도한 보상을 요구해 수용하기 어렵다는 입장이다.22일 연합뉴스에 따르면 서울에 거주 중인 40대 A씨는 2022년 6월 인근 대형마트에서 B사의 떡갈비를 구입해 먹던 중 무언가 잇몸을 강하게 찌르는 통증을 느꼈다. 치과를 찾아 잇몸에서 이물질을 뽑아냈고, 이는 1cm 길이의 예리한 플라스틱 모양을 하고 있었다.A씨는 식품의약품안전처에 이 사실을 신고했고, 식약처로부터 '돼지털로 추정된다'는 답변을 받았다. 식약처가 이물질을 빛을 통과시켜 분석하는 FT-IR과 X선을 이용한 XRF 등 2가지 검사를 진행한 결과, 돼지털과 유사율이 97~98%였다. 플라스틱과 유사율도 5%였다.유명 떡갈비에서 나온 이물질은 돼지털과 97%의 유사율을 보인다는 식약처의 자료 / 사진=연합뉴스식약처는 이물질이 돼지고기를 가공하는 과정에서 들어간 것으로 추정하고 B사에 식품안전관리에 더욱 신경 쓰라는 취지로 행정지도를 실시했다. 다만 돼지털은 금속, 플라스틱, 유리 등과 달리 원재료에서 나온 이물질이므로 불가피하게 혼입될 수 있다는 점을 고려해 '주의' 조치했다.이후 A씨와 B사 간의 갈등이 본격화됐다. B사는 피해 보상으로 5만원에 해당하는 모바일 상품권을 제시했는데, A씨가 이를 받아들이지 않자 더 이상 아무 조치를 하지 않았다. 그렇게 A씨와 B사의 줄다리기는 2년째 이어지고 있다.'세계적인 업체의 유명 제품에서 이물질이 나왔으니 적절한 조치를 하라'는 게 A씨가 거부한 이유다. 그는 앞서 같은 마트에서 외국 식품을 구입해 먹던 중 비닐이 나와 문의했더니 해당 업체 담당자가 바로 찾아와 사과하면서 '90만원'의 피해 보상을 제시해 사건을 마무리한 적이 있다고 한다. 그에 비해 B사의 고객 응대 수준이 떨어진다고 A씨는 판단했다.병원 진단서와 B사의 고객 담당 직원 문자. / 사진=연합뉴스A씨는 ""단순히 돈을 원한 것이 아니며 대기업의 소비자 응대에 문제가 있다고 생각했다. 진정한 사과도 없이 5만원짜리 모바일 상품권을 받던지 안 그러면 관두라는 식의 태도는 받아들일 수 없었다. 나를 블랙 컨슈머로 낙인찍은 부분도 매우 불쾌했다""고 말했다.A씨는 계속 보상을 요구했지만 받아들여지지 않자 최근 경찰에 신고했고, 이어 한국소비자원에 피해보상 중재를 요청해 분쟁조정위원회에서 다뤄질 예정이라고 전했다.B사는 지난 8일 A씨에게 떡갈비값에 3000원을 더한 1만5000원을 보상했다. 분쟁이 발생한 지 2년이 다 돼가는 시점이었다. B사 관계자는 ""떡갈비는 돼지고기를 많이 사용하기 때문에 털이나 뼈가 간혹 나올 수 있다. 소비자가 과거 외국 식품기업의 피해보상 얘기를 하며 처음부터 과도한 보상을 요구했다. 정신적 피해보상을 요구했으나 수용하기 어렵다""고 했다."
"[속보] '입시비리 혐의' 조민 벌금 1000만원 선고"|"https://n.news.naver.com/article/015/0004963195?ntype=RANKING"|"https://mimgnews.pstatic.net/image/origin/015/2024/03/22/4963195.jpg"|"2024-03-22 10:14:01"|"사진=연합뉴스'입시 비리 혐의'로 기소된 조국 조국혁신당 대표의 딸 조민(32)씨가 벌금 1000만원을 선고받았다.22일 오전 서울중앙지법 형사16단독(이경선 판사)은 허위작성공문서행사, 업무방해, 위계공무집행방해 등 혐의로 불구속기소 된 조씨에 대한 1심 선고 공판에서 벌금 1000만원을 선고했다. 앞서 검찰은 징역 1년에 집행유예 3년을 구형한 바 있다.조씨는 조 대표 등과 공모해 2013년 6월 17일 서울대 의전원에 허위로 작성된 자기소개서·서울대 법대 공익인권법센터장 명의의 인턴십 확인서, 동양대 총장 표창장 등 위조된 증빙서류를 제출한 혐의로 재판에 넘겨졌다.모친인 정경심 전 동양대 교수와 함께 2014년 6월 10일 부산대 의학전문대학원 입학관리과에 허위로 작성한 입학원서·자기소개서·위조된 동양대 총장 표창장을 제출해 평가위원들의 입학 사정 업무를 방해한 혐의도 있다.앞서 조씨는 지난해 12월 첫 재판에서 자신에게 적용된 혐의를 모두 인정하면서도, 검찰의 공소권 남용을 주장하며 재판부에 공소기각을 내려달라고 요청한 바 있다. 유·무죄에 대한 심리를 거치지 않고 기소 자체를 무효로 해달라는 취지였다.한편 최근 조국혁신당을 창당한 조 대표는 조씨의 입시 비리에 개입한 혐의와 관련된 2심에서 징역 2년 실형을 선고받았다. 그는 이 판결에 불복해 상고를 제기한 상태로, 대법원 심리가 이뤄질 예정이다."
"정용진 회장 아내 한지희, 가수 범키 CCM 앨범서 협업"|"https://n.news.naver.com/article/015/0004963115?ntype=RANKING"|"https://mimgnews.pstatic.net/image/origin/015/2024/03/22/4963115.jpg"|"2024-03-22 08:09:01"|"정용진 신세계 회장과 부인 한지희 씨. /사진=인스타그램 캡처정용진 신세계 회장의 아내인 플루티스트 한지희 씨가 가수 범키 앨범에 참여했다.범키는 지난 21일 오후 첫 CCM 정규앨범 '디 오비디언트'(The Obedient)를 발표했다.이번 앨범에는 많은 교인에게 사랑받는 CCM 명곡을 범키가 직접 선별해 재편곡한 곡들이 수록됐다.앨범 타이틀곡 중 '주님 말씀하시면'에는 한 씨가 맑고 아름다운 플루트의 선율을 얹었다.두 사람의 협업은 이번이 처음이 아니다. 지난해 12월 23일 서울 서초구 예술의 전당에서 연말 독주회를 연 한 씨의 무대를 범키가 돕기도 했다.한지희는 오스트리아 빈 국립음대 예비학교를 졸업한 후 파리 불로뉴 국립 음악원에서 학업 했다. 이후 미국 오벌린 음악대학에서 학사 과정을 마쳤다. 또 일본 무사시노 음대의 전문 연주자 과정을 밟으며 카이 교수를 사사했다.국내에서는 이화여대 석사, 서울대 음악대학원에서 박사 학위를 취득했고 현재 실내악 앙상블 '페이스'(PACE) 멤버로 활동하고 있다.한 씨는 정 회장과 2011년 5월 결혼했고 2013년 이란성 쌍둥이를 낳았다. 정 회장은 한 씨를 '사모님'이라 칭하며 사회관계망서비스(SNS)를 통해 '사랑꾼' 면모를 보였다."
"'여보, 이 동네는 1억이면 된대'…'싼 집값'에 거래 터졌다"|"https://n.news.naver.com/article/015/0004963099?ntype=RANKING"|"https://mimgnews.pstatic.net/image/origin/015/2024/03/22/4963099.jpg"|"2024-03-22 06:43:01"|"""저렴한데 개발 호재까지""…일산 아파트 거래 터졌다 고양시 아파트 거래량, 전년 대비 23.3% 증가신혼부부 유입 증가…신생아 대출 효과저렴한 가격에 재건축·교통 호재가 매력고양시 덕양구 화정동 일대 아파트 단지 모습. 사진=한경DB부동산 시장 침체가 지속되는 가운데 1기 신도시 일산이 위치한 경기도 고양시에서 주택 거래량이 급증하고 있다. 지역 부동산 업계에서는 특례보금자리론에 이어 신생아 특례대출의 효과를 톡톡히 누리고 있다는 평가가 나온다.22일 경기도부동산포털에 따르면 올해 들어 고양시 주택 거래량이 2217건을 기록했다. 거래 신고가 대부분 마무리된 1, 2월만 놓고 봐도 1916건을 기록, 전년 1559건에 비해 22.8% 증가했다. 같은 기간 경기도 주택 거래량이 3만3984건에 그치면서 전년 3만4501건에 비해 1.5% 감소한 것과 대비된다.1월과 2월 아파트 거래량도 1116건을 기록했다. 전년 같은 기간 905건에 비해 23.3% 증가한 수치다. 지역별로 살펴보면 일산서구와 덕양구의 거래량이 가파르게 늘어나고 있다. 지난달까지 일산서구에서 368건이 거래됐는데, 전년 294건에 비해 25.1% 늘었다. 같은 기간 덕양구에서도 505건이 매매됐다. 전년 383건에 비해 31.8% 증가한 양이다. 고양시 아파트 거래량 23.3% 증가…신혼부부 유입지역 부동산 업계에서는 젊은 신혼부부 유입이 이어지고 있다고 입을 모았다. 일산서구 주엽동의 한 개업중개사는 ""지난 주말에도 신혼부부 세 쌍이 집을 둘러보고 갔다""며 ""특례보금자리론이 종료될 때만 하더라도 어쩌나 싶었는데 한숨 돌렸다""고 말했다.덕양구 행신동 개업중개사도 ""서울로 출퇴근하는 신혼부부들이 꾸준히 방문하고 있다""며 ""주거 여건이 양호한데 가격 부담도 크지 않아 신생아 특례대출을 받아 매수하겠다는 이들이 적지 않다""고 설명했다.경기도 고양시 일산 신도시 전경. 사진=게티이미지뱅크신생아 특례대출은 2023년 이후 출산했으면서 부부 합산 연 소득 1억3000만원 이하 가구를 대상으로 저리에 대출해주는 정부 지원 사업이다. 전용 85㎡ 이하면서 가액 9억원 이하라는 조건도 있는데, 소득과 대출 기간 등에 따라 연 1.6~3.3% 금리가 적용된다.KB부동산 통계에 따르면 고양시 아파트의 평균 매매가격은 5억1700만원이다. 서울 평균 매매가격인 11억9500만원의 절반 이하인 것은 물론 경기도 평균인 5억4300만원보다도 저렴한 가격이다. 평균 매매가를 가정해 생애 최초 담보인정비율(LTV) 80%를 적용하면 1억원가량의 현금으로 내 집 마련이 가능한 셈이다.개별 단지를 보더라도 평균 매매가와 큰 차이를 보이지 않는다. 일산서구의 대표 학원가인 후곡 학원가와 맞닿은 일산동 '후곡4단지' 전용 84㎡는 이달 6억원(10층)에 팔렸다. 인근 '후곡7단지' 전용 84㎡ 역시 5억7700만원(15층)에 매매됐다. '후곡 11,12단지' 전용 59㎡는 이달 3억2900만원(13층)에 거래됐다. 경기도 평균보다 저렴한 가격…개발 호재도 대기 중덕양구는 경의중앙선 행신역과 지하철 3호선 화정역 사이에 구축 대단지 아파트가 다수 조성되어 있다. 행신역 인근 행신동 '무원10단지' 전용 84㎡는 이달 5억원(10층)에 손바뀜됐다. 화정역 주변 화정동 '별빛9단지' 전용 84㎡도 5억8500만원(10층)에 거래됐다. 소형 면적 가격은 더 저렴하다. 행신동 '샘터2단지' 전용 59㎡도 3억4800만원(16층)에 팔렸다.이들 지역에는 개발 호재도 예정되어 있다. 일산서구는 노후계획도시 특별법에 따른 재건축 준비가 한창이다. 강촌 1·2단지와 백마 1·2단지, 후곡 3·4·10·15단지 등이 각자 통합 재건축 채비에 나서고 있다.덕양구도 최근 발표된 '고양은평선 광역철도 기본계획'안에 행신중앙로역이 반영되면서 행신동에 지하철이 들어서는 것은 기정사실로 되는 분위기다. 고양은평선은 서울 새절역과 경기 고양시청 간 15㎞를 연결하는 광역철도다.부동산 업계 관계자는 ""마포, 여의도 등 서울 서부로 출퇴근해야 하는 직장인이 생활 인프라가 어느 정도 갖춰진 아파트를 3억원대 가격에 얻을 수 있는 곳은 고양시뿐""이라며 ""저가 매수가 가능한데다 개발 호재가 겹치면서 거래량이 늘어나고 있다""고 말했다."
"지역의대 ‘무늬만 증원’ 500명 이상… 수련 맡을 서울 대형병원만 이득 보나"|"https://n.news.naver.com/article/469/0000791811?ntype=RANKING"|"https://mimgnews.pstatic.net/image/origin/469/2024/03/22/791811.jpg"|"2024-03-22 04:31:27"|"울산대·성대 등 '무늬만 지역의대'주소지는 지역, 교육·실습은 서울지역의대 완전한 지역화 선결돼야21일 대구 한 대학병원에서 의료진이 이동하고 있다. 연합뉴스정부가 내년부터 늘어나는 의대 신입생 정원 2,000명 중 82%(1,639명)를 비수도권 의대에 배정했지만, 정작 교육과 실습은 수도권 지역 부속ㆍ협력병원에서 하는 ‘무늬만 지역의대’들이 대거 혜택을 받아 지역의료 강화 취지에 어긋난다는 비판이 제기되고 있다. 수도권 병원에서 공부한 지역의대 졸업생이 지역으로 다시 돌아가 정착할 가능성은 매우 낮기 때문이다. 의대 증원이 지역의사 양성으로 이어지려면 지역에서 교육과 수련이 모두 이뤄질 수 있는 기반을 조성하고 ‘지역의대의 완전한 지역화’가 선결돼야 한다는 지적이 나온다.21일 의료계에 따르면 비수도권 사립 의대 상당수가 수도권에 교육병원을 두고 있다. 경북 경주 동국대 의대(동국대일산병원), 충남 아산 순천향대 의대(순천향대서울병원, 순천향대부천병원), 강원 강릉 가톨릭관동대 의대(인천 국제성모병원), 대전 을지대 의대(노원을지대병원, 의정부을지대병원), 경기 포천 차의과대(분당차병원) 등이다. 경기 수원 성균관대 의대(삼성서울병원, 강북삼성병원)와 울산시 울산대 의대(서울아산병원), 충북 충주 건국대 의대(건대병원), 강원 춘천 한림대 의대(성심병원) 등은 병원이 서울에 있어 ‘서울 소재 의대 증원 0명’이라는 정부 설명과 달리 실상은 서울 지역 증원이나 다름없다는 해석도 있다.이들 9개 의대에서 늘어나는 정원을 합치면 523명에 이른다. 전체 증원분의 26% 규모다. 특히 5대 상급종합병원(빅5 병원)에 속하는 서울아산병원과 삼성서울병원을 각각 교육병원으로 둔 울산대 의대와 성균관대 의대는 정원이 40명에서 120명으로 3배나 늘었다. 병원 입장에선 향후 의사 수급이 훨씬 수월해지는 셈이다. 정형준 보건의료단체연합 정책위원장은 “경증환자까지 빨아들여 ‘수도권 쏠림’을 유발한 책임이 있는 대형병원들만 결과적으로 배를 불리는 상황이 됐다”고 지적했다. 정부가 의과대학 증원 2,000명 배분 결과를 발표한 20일 오후 대구 한 의대 강의실이 학생들의 동맹 휴학 탓에 텅 비어 있다. 뉴스1지역의대가 수도권 병원에서 실습을 하는 것은 규모, 시설, 의료진이 지역보다 우수하기 때문이다. 이들 의대 학생들은 6년 교육 과정 중 1~2년 정도만 본교에서 교양 강좌와 이론 수업을 듣고 대부분의 시간을 병원과 교육장이 있는 수도권에서 보낸다. 자연스럽게 졸업 이후 전공의 수련도 서울에서 하게 되는데 이렇게 되면 의사로 정착하는 곳도 서울이기 쉽다. 실제로 국회 교육위원회 서동용(더불어민주당) 의원실이 교육부 자료를 분석한 결과 2021년 의대 졸업생 가운데 가톨릭관동대 80%, 한림대 79.5%, 울산대 76.3%, 순천향대 75.9%가 수도권에 취업한 것으로 조사됐다. 지역의대가 완전히 지역화되지 않으면 더 많은 의대 졸업생이 수도권으로 향하는 부작용을 초래할 가능성이 크다.정부도 지역 인재가 지역에서 공부하고 수련받은 뒤 지역 의료기관에서 일할 수 있는 유기적인 체계가 필요하다는 문제인식은 갖고 있다. 박민수 보건복지부 2차관은 이날 중앙사고수습본부 브리핑에서 “대학들로부터 증원 신청을 받을 때 지역에서 교육과 수련을 하기 위한 계획을 함께 요구했고 그 계획을 평가해 인원 배정을 했다”며 “향후 교육현장에서 계획이 제대로 이행되는지 점검ㆍ지도하고 정부도 필요한 지원을 해 나가겠다”고 설명했다.의대 정원이 크게 증가한 만큼 전공의 정원도 그에 맞춰 늘릴 계획이다. 박 차관은 “내년도 입학생이 졸업하려면 6년 정도 걸리는 만큼 그때까지 현장 수련 여건을 감안하며 미리 준비하겠다”고 했다. 지역별 전공의 배분 비율도 수도권 60%, 비수도권 40%에서 올해 55% 대 45%로 조정한 데 이어 내년엔 50% 대 50%으로 재조정을 추진한다.하지만 의사 확충은 지역의료 강화를 위한 필수조건이지 충분조건은 아니다. 의사들이 지역에 자리 잡을 수 있는 기반 마련이 뒤따라야 한다. 정부는 국립대병원 전임교원을 2027년까지 1,000명 이상 확대하기로 했지만, 사립대병원에 교원 충원을 강제할 수는 없다. 장학금과 수련비용, 교수 채용 등 경제적 지원을 조건으로 지역 의료기관에서 근무하는 계약형 필수의사제 도입도 추진되고 있지만 강제력이 없어 한계가 있다. 남은경 경제정의실천연합 사회정책국장은 “의료취약지 의료공백을 해소하려면 지역의대 졸업생을 지역에 어떻게 배치할지 더 세밀한 계획이 필요하다”며 “지역의대에서 학생을 선발할 때부터 의사면허 취득 후 일정 기간 지역에서 의무적으로 일하도록 하는 지역의사제를 도입하고 위반 시 면허 제한 같은 벌칙 규정을 마련해야 한다”고 조언했다."
"'오열사' 오재원 마약 투약 혐의로 결국 구속"|"https://n.news.naver.com/article/469/0000791795?ntype=RANKING"|"https://mimgnews.pstatic.net/image/origin/469/2024/03/22/791795.jpg"|"2024-03-22 00:45:01"|"법원 ""도망 우려"" 구속영장 발부전 프로야구 선수 오재원(왼쪽 두 번째)이 21일 서울 서초구 서울중앙지법에서 마약류관리법 위반(향정) 혐의에 대한 구속 전 피의자심문을 받기 위해 이동하고 있다. 뉴시스마약류 투약 혐의를 받고 있는 국가대표 야구선수 출신 전 프로야구 선수 오재원(39)이 결국 구속됐다.서울중앙지법 영장전담 김미경 부장판사는 21일 마약류관리법 위반(향정) 혐의로 오씨의 구속 전 피의자심문(영장실질심사)을 거쳐 이튿날 새벽 “도망할 우려가 있다”며 구속영장을 발부했다.앞서 경찰은 10일 오씨와 함께 있던 한 여성의 신고를 받고 출동해 그의 마약류 투약 혐의를 조사했다. 당시 오씨는 완강히 혐의를 부인했고, 마약 간이시약 검사에서도 음성 판정을 받아 귀가 조치됐다. 이후 경찰은 오씨가 마약류를 투약한 단서를 추가로 확보해 법원으로부터 영장을 발부받아 19일 오씨를 체포했다.오씨는 영장심사에 앞서 마약을 언제부터 투약했는지, 투약 정황을 감추기 위해 제모를 했는지 등을 취재진이 물었으나 전혀 답변하지 않았다. 다만 경찰 조사 과정에서는 일부 혐의를 시인한 것으로 알려졌다. 오씨는 2007년부터 2022년까지 KBO리그에서 뛰었다. 총 16시즌 동안 두산 베어스 한 팀에서만 활동한 대표적 ‘원 클럽 맨’이었다. 국가대표로 선발된 2015년 프리미어12 대회에서 일본과의 준결승 당시 역전 발판을 마련하는 안타를 친 후 포효해 ‘오열사(오재원+열사)'로 불리는 등 야구팬들의 사랑을 받았다. 2022년 시즌을 끝으로 은퇴한 후 스포츠전문채널 야구 해설위원으로 활동했지만, 잦은 구설에 시달리다 물러났다."
"[르포] 알리 '택배 폭탄'에 평택세관 마비... '마약도 뚫릴라'"|"https://n.news.naver.com/article/469/0000791805?ntype=RANKING"|"https://mimgnews.pstatic.net/image/origin/469/2024/03/22/791805.jpg"|"2024-03-22 04:31:13"|"평택세관 ""5초면 길게 본 것"" 1인당 처리량 다른 세관 3배 ""물량 허덕, 마약 여부 파악 안 돼""""마약전담팀 꾸릴 여력 없어""20일 찾은 경기 평택직할세관 특송통관장. 중국발 화물 컨테이너에서 나오는 물건의 바코드를 찍고 있다. 물건들은 바로 엑스레이 기계를 통과하게 된다. 평택=조소진 기자“삑~ 방출, 삑~ 방출, 삑~ 방방출, 방출”엑스레이(X-ray) 기계에 들어간 지 7초. 물품들이 일렬로 줄지어 나왔다. 세관직원이 쉴 새 없이 물건 바코드를 찍자 소리가 ""방출"", 아니 기계 7대가 경쟁하듯 쏟아내 ""방방출방출"" ""방방방출""로 겹쳐 들렸다. 이상이 없어 보이니 선별검사 없이 바로 택배로 보내도 된다는 뜻이다. 하얀색 비닐봉지로 돌돌 말려 있던 물건은 컨베이어 벨트를 타고 밖으로 나갔다.엑스레이(X-ray) 기계에서 문제없다는 판단을 받은 물품은 컨베이어 벨트를 타고 바로 택배차량에 실린다. 평택=조소진 기자20일 찾은 경기 평택직할세관 특송통관장에는 바코드를 찍는 ‘삑’ 소리와 ‘방출’을 알리는 기계음, 컨베이어 벨트가 돌아가는 소리와 물건이 바닥에 떨어지는 소리로 가득했다. 그러다 방송이 나왔다. “방금 지나간 물건 잡아주세요. BL번호 000요.” 통관장 2층에 있는 엑스선 판독실에서 4번 라인을 실시간 점검하던 직원 목소리였다. 모니터상 ‘샤넬’ 로고가 보이는 골프백인데, 저가 신고 혹은 지식재산권 위반 등이 의심돼 선별검사를 해야 한다는 뜻이었다. 하얀 운송장에는 붉은색 선 표시와 ‘샤넬백’ 이름이 적혔다. ‘우웅’ 하는 소리와 함께 다시 컨베이어 벨트가 돌았다. ‘삑 방출’과 ‘쿵쾅’ 소리가 1층을 가득 채웠다.경기 평택직할세관 특송통관장 2층 판독실에서 직원이 보는 모니터의 모습. 화면은 2, 3초마다 바뀌었다. 평택=조소진 기자바로 위층 판독실은 고요함 그 자체였다. 눈을 부릅뜬 세관 직원 7명이 엑스선 기계 한 대씩을 맡아 실시간으로 모니터링하는 이곳에는 버튼 누르는 소리만 이따금씩 크게 들렸다. 세관 직원의 눈동자는 화면 4대를 빠르게 오갔다. 목록과 수하인, 특송업체 이름 등이 적혀 있는 동시구현시스템 화면과 빠르게 지나가는 엑스레이 화면, 컨베이어 벨트 화면이 2, 3초마다 빠르게 바뀌었다. 모니터링에서 걸리게 되면, 선별검사 대상이 돼 컨베이어 벨트 뒤로 빠지게 된다. 세관 직원은 일일이 포장을 뜯어 개수와 금액 등이 ‘목록검사 기준(150달러 이하)’을 넘지 않는지, 지식재산권 위반(짝퉁)은 아닌지, 마약 위험 물품이 있는 것은 아닌지 등을 살펴야 한다.경기 평택직할세관 특송통관장 1층. 엑스레이(X-ray) 기계와 컨베이어 벨트 뒤로 물품이 쌓여 있다. 세관직원들이 일일이 확인해야 하는 '선별검사' 물품이다. 평택=조소진 기자문제는 알리익스프레스(알리), 테무 등 중국발(發) 해외 직접구매(직구)가 폭증해 세관 업무가 마비된 수준에 이르렀다는 점이다. 물량 폭주 탓에 세관 내부에선 “물건 쳐내느라 바빠 알리, 테무 택배에 마약이 숨겨져 들어와도 잡아내지 못할까 봐 겁난다”는 이야기가 나올 정도다. 마약전담 조사팀을 꾸릴 여력도 없이 모두가 중국발 택배에 허덕이고 있는 것이다.평택세관 특송통관과 직원은 과장을 포함해 34명. 5개 조로 나눠 매일 비번을 서며 24시간 일하고 있지만, 중국어로 가득한 박스들은 좀처럼 줄지 않는다. 평택세관이 통관하는 물량은 모두 중국에서 들어온 물품으로 지난해 이곳에서 처리한 전자상거래 물품 통관 건수는 3,975만 건에 달했다. 매년 1,000만 건 이상씩 늘어나고 있는데, 올해는 5,000만 건을 넘을 것으로 예상된다. 1인 당 하루에 4,000건(엑스선 담당은 1만5,000건), 일반 세관의 3배에 달하는 물량을 봐야 하는 셈이다. 그래픽=강준구 기자세관 관계자는 “물건이 정말 끊임없이 들어오는데, 하나당 5초 정도 보면 길게 본 것”이라며 “엑스선에서 잡고 이리저리 뜯어보고 싶지만, 그러면 물건이 도미노처럼 밀려 일을 할 수가 없다”고 토로했다.관세청 내부에서도 마약 저지선이 뚫리는 건 아닌지 걱정하는 상황이다. 인천공항세관의 경우 2021년 특송물량이 5,000만 건을 넘어서며 마약 적발 건수가 급증했는데, 평택도 위험 수준에 이르렀다는 판단에서다. 물량이 폭증하게 되면 세관 검사가 꼼꼼히 이뤄지기 어려운 점을 노려 마약 밀수 통로로 이용되는 경우가 많다. 관세청 마약 적발 현황 자료에 따르면, 평택세관에서 작년에 적발된 마약 건수는 1건뿐이었다. 평택세관으로 들어오는 마약 자체가 적다고 할 수도 있지만 세관 관계자는 “지금은 들어오는 마약이 적은지 많은지 판단조차 안 되는 상황”이라고 귀띔했다. 특송통관장 1층을 나오자 1초의 고요함도 허용하지 않고 들리던 ""삑 방출"" '쿵' 소리가 사라졌다. 대신 문을 열고 통관을 기다리고 있는 컨테이너가 보였다. 컨테이너엔 어지럽게 쌓인 박스가 가득했다. 귓가에 세관 직원의 한숨이 배달됐다. 경기 평택세관 특송통관장 앞에는 통관을 기다리고 있는 중국발 컨테이너 박스가 줄지어 놓여 있다. 평택=조소진 기자연관기사• ""짝퉁 96%는 중국산""....폭증한 직구, 평택 세관 임계점 넘었다(www.hankookilbo.com/News/Read/A2024031715520005502)• ""쓰레기가 배송""... 알리·테무에 칼 빼든 정부, 소비자 피해 똑같이 처벌(www.hankookilbo.com/News/Read/A2024031312410005047)• 앞으로 알리에서 사기당할 일 막는다는데... 과연? [영상](www.hankookilbo.com/News/Read/A2024031417030003468)• 정부 칼 빼자, 소비자 보호 팔 걷어붙인 알리…""90일 내 반품·환불 보장""(www.hankookilbo.com/News/Read/A2024031415290001844)"
"[속보] '입시비리' 혐의 조민, 1심서 벌금 1000만 원"|"https://n.news.naver.com/article/469/0000791841?ntype=RANKING"|"https://mimgnews.pstatic.net/image/origin/469/2024/03/22/791841.jpg"|"2024-03-22 10:20:01"|"허위작성 공문서 행사 등 혐의입시 비리 혐의로 기소된 조국 조국혁신당 대표의 딸 조민씨가 22일 오전 서울 서초구 서울중앙지법에서 열린 1심 선고공판에 출석하고 있다. 연합뉴스'입시비리' 혐의로 재판에 넘겨진 조국 조국혁신당 대표의 딸 조민씨가 1심에서 벌금형을 선고받았다.  서울중앙지법 형사16단독 이경선 판사는 허위작성 공문서 행사 등 혐의로 재판에 넘겨진 조씨에게 22일 벌금 1,000만 원을 선고했다. 재판부는 ""입시 공정성을 저해하고 입시 제도 전반에 대한 국민들의 불신을 야기했다""며 유죄 판결을 내렸다.  다만 ""수사 초기 범행을 부인하다 지금은 모두 인정하고 있다""는 점 등을 고려해 벌금형을 선고했다고 밝혔다. 검찰은 앞서 조씨에게 징역 1년에, 집행유예 3년을 구형했다. "
"권도형 한국 송환 막판 제동… 몬테네그로 대검찰청, 대법에 이의제기"|"https://n.news.naver.com/article/469/0000791823?ntype=RANKING"|"https://mimgnews.pstatic.net/image/origin/469/2024/03/22/791823.jpg"|"2024-03-22 08:06:01"|"몬테네그로 법원, 미국 인도 뒤집자대검 ""법원이 법무장관 권한 넘어서""23일 형기 만료… 한국행 돌발 변수'테라·루나' 폭락 사태의 핵심 인물 권도형 테라폼랩스 대표가 지난해 3월 24일 몬테네그로 수도 포드고리차에서 법정에 출석하고 있다. 포드고리차=로이터 연합뉴스'테라·루나' 폭락 사태의 핵심 인물 권도형(32) 테라폼랩스 대표의 한국 송환에 막판 변수가 생겼다. 몬테네그로 대검찰청이 21일(현지시간) 법원 결정에 흠결이 있다며 불복, 이의 제기를 신청하고 나서면서다.몬테네그로 일간지 비예스티, 포베다에 따르면 대검찰청은 이날 공식 홈페이지에 올린 성명에서 ""적법성 여부를 판단해 법원의 결정을 변경하는 판결을 내려줄 것을 요청한다""며 대법원에 이의 제기를 신청했다고 밝혔다. 대검찰청은 ""법원은 법률에 반해 정규 절차가 아닌 약식으로 권씨에 대한 범죄인 인도 절차를 진행했다""며 ""법원은 권한을 넘어서 법무부 장관의 전적인 권한인 범죄인 인도국에 대한 결정을 내렸다""고 주장했다. 대검찰청은 또 항소법원이 항소심에서 대검찰청 검사의 의견을 듣지 않은 점도 문제삼았다.당초 몬테네그로 법원은 권씨를 미국으로 인도하라고 결정했지만, 권씨 측은 항소해 법정다툼을 벌였다. 권씨는 형량이 훨씬 낮은 한국행을 희망해 왔다. 경제사범 최고 형량이 40년 정도인 한국과 달리, 개별 범죄마다 형을 매겨 합산하는 병과주의를 채택하고 있는 미국에서는 100년 이상의 징역형이 가능해서다.항소법원은 지난 5일 권씨 측의 항소를 받아들여 미국으로의 인도를 결정한 고등법원의 결정을 무효로 하고 재심리를 명령했다. 결국 '한국의 범죄인 인도 요청이 미국보다 빨랐다'는 것이다. 하급심인 고등법원은 이를 수용해 지난 7일 권씨에 대한 미국 인도 결정을 뒤집고 한국 송환을 결정했다. 항소법원은 전날 고등법원의 판결을 확정했다.  권씨가 지난해 5월 11일 몬테네그로 수도 포드고리차 지방법원으로 압송되고 있다. 포드고리차=연합뉴스이로써 권씨의 신병 인도와 관련한 몬테네그로에서의 사법 절차는 모두 마무리되는 것으로 보였지만, 막판 변수가 생긴 것이다. 블룸버그 통신은 ""결과에 따라 몬테네그로 정부 당국이 선호한 대로 권도형을 미국으로 인도할 수 있는 길이 열릴 수도 있다""고 전했다. 현재 위조 여권 사용 혐의로 징역 4개월을 선고 받고 복역 중인 권씨의 형기가 오는 23일 만료되기 때문에 그가 이르면 오는 주말 사이 한국행 비행기에 탑승할 것이라는 전망이 나오고 있다. 시간이 촉박한 만큼 몬테네그로 대법원이 검찰의 이의 제기에 대해 어떤 결정을 내릴지 주목된다.테라폼랩스 공동 창업자인 권씨는 암호화폐인 테라·루나의 폭락 위험성을 알고도 투자자들에게 이를 알리지 않은 채 해당 화폐를 계속 발행한 혐의를 받고 있다. 2022년 폭락 사태로 전 세계 투자자들은 50조 원 가량의 피해를 입은 것으로 추산된다."
"'입시비리 혐의' 조민 오늘 1심 선고…검찰은 집유 구형"|"https://n.news.naver.com/article/003/0012443583?ntype=RANKING"|"https://mimgnews.pstatic.net/image/origin/003/2024/03/22/12443583.jpg"|"2024-03-22 06:00:00"|"증빙서류 위조 등 혐의로 검찰 기소조씨 ""공소권 남용""…공소기각 요청 검찰은 징역 1년 집행유예 3년 구형입시비리 혐의로 재판에 넘겨진 조국 전 법무부 장관의 자녀 조민씨의 1심 선고 결과가 22일 나온다. (사진=유튜브 채널 '조민 minchobae' 캡처) *재판매 및 DB 금지[서울=뉴시스] 김진아 기자 = 입시비리 혐의로 재판에 넘겨진 조국 조국혁신당 대표의 자녀 조민씨의 1심 선고 결과가 22일 나온다.서울중앙지법 형사16단독 이경선 판사는 이날 오전 10시 허위작성 공문서 행사 혐의 등으로 불구속 기소된 조씨의 선고기일을 진행한다.조씨는 조 대표 등과 공모해 2013년 6월 서울대 의학전문대학원에 허위로 작성된 자기소개서를 비롯해 서울대 법대 공익인권법센터장 명의의 인턴십 확인서, 허위 동양대 표창장을 제출해 위조된 증빙서류를 제출한 혐의로 기소됐다.모친인 정경심 전 동양대 교수와 2014년 6월 부산대 의학전문대학원 입학관리과에 허위 작성 입학원서, 자기소개서, 동양대 총장 위조 표창 등을 제출해 평가위원 입학사정 업무를 방해한 혐의도 함께 받는다.조씨는 지난해 12월 첫 공판에서 자신에게 적용된 혐의를 모두 인정하면서도 검찰의 공소권 남용을 주장하며 재판부에 공소기각을 내려달라고 요청했다. 유·무죄에 대한 심리를 거치지 않고 기소 자체를 무효로 해달라는 취지다.입시비리 범행의 경우 공소시효는 7년이다. 조씨 측은 검찰이 조 대표와 정 전 교수를 기소하면서 합당한 이유 없이 공소시효를 정지했다고 주장하고 있다. 반면 검찰은 형사소송법상 공범에 대한 기소가 이뤄질 경우 범죄 행위에 대한 공소시효는 자동으로 정지되기에 조씨 측이 억지 주장을 펼치고 있다고 맞서고 있다. 검찰은 1월 결심에서 ""이 사건은 입시제도에 대한 믿음을 져버린 사건으로 비난 가능성이 매우 크다""며 조씨에게 징역 1년에 집행유예 3년을 구형했다.한편 조씨의 입시 비리에 개입한 혐의로 기소된 부친 조 대표는 지난달 2심에서도 징역 2년 실형을 선고받았다. 최근 조국혁신당을 창당한 그는 2심 판결에 불복해 상고를 제기한 상태로, 대법원 심리가 이뤄질 예정이다．"
"환자 떠난 전공의들 2월 월급 다 줬던 병원들 '3월은 못 줘'"|"https://n.news.naver.com/article/003/0012443604?ntype=RANKING"|"https://mimgnews.pstatic.net/image/origin/003/2024/03/22/12443604.jpg"|"2024-03-22 06:30:00"|"서울아산, 세브란스병원 3월 월급 미지급2월 정상지급했으나, 병원들 경영난 허덕정부 ""일하지 않는 전공의 월급 안 줘도 돼""""원칙대로 다음 주부터 면허정지 처분 돌입""[서울=뉴시스] 김명년 기자 = 지난 21일 오전 서울시내 한 대학병원에서 의료진이 점심을 먹기 위해 길게 줄을 서있다. 이날 정부는 다음 주부터 전공의들에 대한 면허정지 처분에 나설 것이라고 밝혔다. 2024.03.21. kmn@newsis.com[서울=뉴시스] 오정우 수습 기자 = 정부의 의대 증원에 반발한 전공의들의 이탈이 한 달 넘게 이어지고 있는 가운데, '빅5'(서울대병원·세브란스병원·삼성서울병원·서울아산병원·서울성모병원) 병원 대부분이 전공의들에게 3월 월급을 지급하지 않았거나 지급하지 않을 것으로 파악됐다.22일 의료계에 따르면, 서울 주요 상급종합병원인 일명 '빅5' 병원 중 한 곳인 세브란스병원 측은 ""급여일이 15일인데 현장을 떠난 전공의에게는 급여를 지급하지 않은 것으로 확인됐다""고 전했다.급여일이 매달 25일인 서울아산병원 측도 ""근무하지 않은 전공의에게는 급여가 나가지 않을 계획""이라고 밝혔고, 서울성모병원 관계자도 ""파업한 전공의에게는 월급을 주지 않을 것""이라고 말했다.2월 월급의 경우, 월급 관련 사항을 외부에 알리지 않는 서울대병원을 제외하고 나머지 4개 병원은 사표수리가 되지 않았다는 이유 등으로 모두 정상 지급했던 것으로 알려졌다.하지만 정부도 일하지 않는 전공의에게는 월급을 줄 필요가 없다고 못 박은 데다, 현 사태로 병상가동률이 떨어지는 등 경영난이 이어지면서 3월 월급까지 정상 지급할 만한 여력이 떨어져 이 같은 결정을 내린 것으로 보인다. 보건복지부는 지난 6일 ""병원은 진료현장을 벗어나 근로를 제공하지 않은 전공의에게 해당 기간 임금을 지급할 의무가 없음을 알린다""는 내용의 공문을 전국 수련병원에 내려보냈다.병원들의 경영난은 곳곳에서 확인되고 있다.일례로 연세의료원은 전날 직원 공지를 통해 '일반직 안식휴가 한시 운영 안내'를 공지했다. 대상은 연세의료원 산하 세브란스병원, 강남세브란스병원, 용인세브란스병원 1년 이상 간호사와 일반직으로 1만2000여명에 달한다. 무급휴가는 최대 4주(일주일 단위 총 4회) 신청 가능하며, 비상경영체제가 종료될 때까지 운영되는 것으로 알려졌다.또 인제대 상계백병원은 최근 교수 등을 대상으로 급여반납동의서를 받고 있는 것으로 알려졌다.[대구=뉴시스] 이무열 기자 = 지난 19일 대구의 한 대학병원 1층 로비에 ""의사 선생님 환자 곁을 지켜주세요""라는 소원쪽지가 붙어 있다. 2024.03.19. lmy@newsis.com여기에 정부는 근무지를 이탈한 전공의들에 대해 원칙대로 면허정지에 돌입하겠다고 선언한 상황이다.박민수 복지부 제2차관은 전날(21일) 오전 정부서울청사에서 의사 집단행동 중앙사고수습본부 브리핑을 열고 ""정부는 업무개시명령 위반에 대해서는 다음 주부터 원칙대로 면허자격정지 처분을 해나갈 것""이라고 밝혔다.박 2차관은 3월 안에 돌아오면 행정처분을 하지 않을 수 있느냐는 질문에 ""아니다. 본인의 행위에 대해서는 반드시 책임이 따른다""고 선을 그었다.다만 ""신속한 복귀와 오랫동안 지연돼서 복귀한 분하고는 똑같이 대우할 수 없을 것""이라며 ""조기 복귀자에게는 그에 상응하는 처분에 유리함이 있을 수 있다""고 말했다.박 차관은 ""더 이상 주저하지 말고 환자를 위해, 여러분의 빈 자리까지 감당하고 있는 동료를 위해, 그리고 의사라는 직업을 선택한 여러분 자신을 위해 지금 즉시 수련 받고 있는 병원으로 복귀해주시기 바란다""고 말했다.지난 19일 기준 100개 수련병원 전공의의 92.7%인 1만1935명이 계약 포기 및 근무지 이탈을 한 것으로 나타났고 20일 기준 7088명에게 면허정지 행정처분 사전통지가 발송됐다．"
"유시민, 尹정부 겨냥 '미친 X들'…한동훈엔 '가끔 맞아야'"|"https://n.news.naver.com/article/003/0012443965?ntype=RANKING"|"https://mimgnews.pstatic.net/image/origin/003/2024/03/22/12443965.jpg"|"2024-03-22 10:15:16"|"유튜브 방송 ‘매불쇼’서 거친 발언 쏟아내[서울=뉴시스] 유시민 전 노무현재단 이사장이 윤석열 대통령의 이종섭 주호주 대사 임명을 비판하면서 '미친X'이라고 말해 논란이 일고 있다. (사진=유튜브 '[팟빵] 매불쇼') *재판매 및 DB 금지[서울=뉴시스]박은영 인턴 기자 = 유시민 전 노무현재단 이사장이 이종섭 주호주 대사 임명 과정을 비판하면서 '미친X'이라고 언급했다.  유 전 이사장은 지난 20일 유튜브 방송 '매불쇼'에 출연해 이 대사의 임명 과정에 대해 언급하며 ""일설에 의하면 (이 대사가) 믿을 만한 사람이면 안 보냈는데, 이 사람은 불리해지면 말을 할 사람이라 빨리 빼라고 해서 언론 접촉이 불가능한 외국 대사관에 포획해서 가둬놓은 것""이라고 주장했다.그러면서 지난달 윤 대통령 국정 지지율이 40%대를 회복한 것과 관련해선 ""그때는 여론조사 지지율이 높아서 할 수 있었다. 여론조사가 하루에 2%, 3%씩 계속 오르는 게 나오니까""라며 ""아 근데 미친""이라고 한 뒤 입을 가리며 멈칫했다. 그러다 이내 ""미친 X들인 게 40%가 높은 거야""라면서 ""28%까지 갔다가 40%로 오르니 엄청나게 오른 거라고 착각하는 것""이라고 말했다.이어 유 전 이사장은 ""그건 높은 게 아니었다""며 ""문재인 전 대통령 지지율이 제일 낮았을 때 수준이다. 제정신이 아니어도 분수가 있지""라고 덧붙였다.또 윤 대통령과 한동훈 국민의힘 비상대책위원장의 갈등 국면에 대해 질문하자 ""그게 (한 비대위원장이) 안 맞아서 그래. 가끔 맞아야 되는데. 지난번에도 한 번 대들다가""라고 말했다.진행자가 '구타'를 의미하는 것이냐고 묻자 그는 ""정치적 구타, 지난번에도 화재 현장에 가서 정치적 구타를 당하고 수그렸지 않느냐""며 ""이번에도 정치적 체벌을 당하지 않겠느냐""고 했다.이에 대해 박정하 국민의힘 중앙선거대책위원회 공보단장은 지난 21일 논평을 통해 ""아무리 유튜브 방송에서 하는 농담이라 하더라도 한때 장관까지 하신 분의 입에서 나오는 언어치고는 상당히 저급하다""고 비판했다．"
"'졸지에 꼴찌 대학' 서울권 의대정원 동결 '부글부글'[현장]"|"https://n.news.naver.com/article/003/0012443580?ntype=RANKING"|"https://mimgnews.pstatic.net/image/origin/003/2024/03/22/12443580.jpg"|"2024-03-22 06:00:00"|"서울 8개교 의대 증원 無…지방권 의대 2000명↑""기계적 증원 ""…불투명한 기준에 형평성 지적도""교육부가 학내에 불필요한 갈등 소지 남겼다""고대 총장 ""지방은 인프라 구축에 더 신경써야""[수원=뉴시스] 홍효식 기자 = 정부가 2025학년도 의과대학 학생 정원 대학별 배정 결과를 발표한 20일 경기도 수원 영통구 아주대학교 의과대학 열람실에 의사 실습 가운이 걸려있다. 정원 50명 이하 '소규모 의대'만 있었던 경기·인천권의 경우 5개 대학에 361명의 정원이 배분됐다. 학교별로 살펴보면 성균관대 120명, 아주대 120명, 차의과대 80명, 인하대 120명, 가천대 130명이다. 2024.03.20. yesphoto@newsis.com[서울=뉴시스]임철휘 장한지 김래현 문채현 수습 기자 = 정부가 지방의대를 중심으로 의과대학(의대) 정원을 2000명 늘리면서 '인서울' 의대 정원은 동결하자, 동결된 대학들은 당혹스러운 기색이 역력하다.22일 뉴시스 취재를 종합하면, 정부는 지난 20일 '2025학년도 의과대학 학생 정원 대학별 배정 결과'를 발표했다. 지난 2006년부터 17년간 3058명으로 동결된 의대 정원을 지방과 50명 미만 '미니 의대' 중심으로 확대하는 내용이 골자다.지방권 의대 27개교의 총 정원은 2023명에서 3662명, 경인권 5개교는 209명에서 570명으로 각각 늘어난다. 그러나 서울대, 연세대, 경희대 등 서울 8개교는 증원하지 않고 현 정원이 그대로 유지된다.서울 지역 의대에 증원 인원을 한 명도 배분하지 않겠다는 전날 정부 발표에 대해 서울 주요 대학 관계자들은 21일 강한 불만을 토로했다. 일부 대학 관계자들은 정부의 불투명한 기준에 따른 형평성 문제, 불필요한 학내 갈등 조장, 이공계 경쟁력 감소 등 문제를 지적하며 격앙된 반응을 보였다.이번 의대 정원 증원 대상에서 제외된 서울 소재 A 대학 관계자는 ""졸지에 전국에서 꼴찌권으로 작은 의대가 됐다""며 ""코로나19 시기에 지방 병원의 병상을 늘려 (지방에 있는) 우리 병상이 적지 않다. 그런데 정원이 묶였다""며 ""성균관대는 경기 수원에 의대가 있을 뿐 본과 학생들은 대부분 서울 강남 삼성병원에서 수련을 한다. 정부가 성균관대의 창원병원을 메인 병원으로 봤다고 하는데 말이 안 된다""고 형평성 문제를 제기했다.그러면서 ""충북 충주에 의대가 있는 건국대도 마찬가지다. 작년 말 (의대 정원) 증원 얘기가 처음 나왔을 때, 당시 충북도지사가 나서서 건국대를 빼고 다른 데만 증원해 달라고 했다. 건국대 의대 학생 절반 이상이 서울에 가서 수업을 듣고 수련받기 때문에 충주 의료계에 도움이 안 된다는 취지였다. 겉으로 봤을 땐 지방권 의대가 맞지만, 실질적으로는 서울권 의대로 봐야 하는 대학이 있는데 (정부가) 이를 무시하고 기계적으로 정원을 늘렸다""고 비판했다.[대구=뉴시스] 이무열 기자 = 정부가 2025학년도 의과대학별 학생 정원 배정 결과를 발표한 20일 대구의 한 의과대학 강의실이 비어 있다. 2024.03.20. lmy@newsis.com학내 반발에도 교육부의 요청에 따라 적극적으로 증원을 신청했던 대학들은 교육부가 불필요한 갈등 소지를 남겼다고 지적했다.서울 소재 B 대학 관계자는 ""교육부가 처음부터 '지역 균형'이나 '지역 의료 활성화'를 가장 중요한 기준으로 삼았다고 밝혔으면 학교들이 알아서 대처했을 거다. 교육부가 학내 구성원들끼리의 갈등 여지를 만들어 놓고 일괄적으로 다 반영을 안 해 버린 것""이라며 ""대학 입장에선 이 부분이 가장 당혹스럽다""고 토로했다.또 다른 대학 관계자도 ""굉장히 머쓱하게 됐다""며 ""주먹구구식으로 이렇게 하는 건 아닌 것 같다. 이렇게 배분할 거였으면 처음부터 안내하고 신청을 받았어야 한다""고 토로했다.서울의 C 대학 관계자는 ""의대들이 갖고 있는 여력이나 교육역량 등을 면밀히 고려했다면 지금처럼 이렇게 끝자리가 '0'명으로 딱딱 떨어질 리가 없다. 끼워 맞춘 것 같다""며 ""각 병원 상황이 다 다른데 서울에 의대생들이 넘친다는 기준은 어떻게 잡은 것인지 제대로 된 설명도 없었다. 기준이 불투명하니 납득이 안 간다""고 했다.[서울=뉴시스] 김명원 기자 = 한덕수 국무총리가 전날(20일) 서울 종로구 정부서울청사에서 의료 개혁 관련 대국민담화를 하고 있다. (공동취재) 2024.03.20. photo@newsis.com대학 관계자들은 지방 의대들이 늘어난 학생 수요를 감당할 수 있겠냐는 의문도 제기했다.김동원 고려대 총장은 이날 오전 서울 성북구 고려대 안암캠퍼스 SK미래관 최종현홀에서 열린 기자간담회에서 ""정부가 지방대학 중심으로 증원한 것은 일견 의미 있는 움직임이라 생각한다. 지방 의사, 필수 의료 의사가 문제이기에 (개선) 그런 의지를 보여준 것""이라면서도 ""지방대학이 과연 의사를 육성할 만한 인프라가 갖춰져 있는가""라고 반문했다.이어 ""의사를 길러낼 땐 실습도 해야 하고 신체 해부도 해야 한다. 지금도 시신을 해부하는 데 10명 이상이 시신 하나를 놓고 해부를 한다고 한다""며 ""지금도 쉽지 않은데 정원이 많이 늘어나면 인프라 구축에 신경을 많이 써야 될 걸로 생각이 든다""고 덧붙였다.이공계 상위권 인재들이 비(非)의료계가 아닌 지방권 의대로 빠져나갈 것으로 점쳐지면서 서울 소재 대학의 경쟁력 자체가 떨어질 수 있다는 우려도 나왔다.서울 소재 다른 대학 관계자는 ""학생들이 '인서울' 의대에 온다는 건 최상위권 학생들이 온다는 것이다. 그런데 지방권 의대로 상위권 학생 2000명이 빠져나가면 상대적으로 이공계에 경쟁력이 약화할 수 있다""며 ""이공계 입장에서는 우수 인력이 가만히 있다가 없어지는 꼴이다. 장기적으로는 대학원생 수급도 좀 힘들어질 수 있고 해당 분야의 연구력이 떨어질 수 있다""고 우려했다.이와 관련해 임정묵 서울대 교수협의회장은 이날 개인 의견을 전제로 한 단체 카톡방에 올린 글에서 ""의료 외 문제가 불거지거나 학생과 전공의, 교수들을 지켜야 할 때가 되면 분명히 움직일 것""이라며 ""안타깝게도 그 시기가 멀지 않은 것 같다""고 단체 행동에 나선 의료계에 힘을 실어줄 가능성을 시사하기도 했다．"
"조규홍 '의대 2천명 증원 재론 없다…교수 사직 대책 마련 중'"|"https://n.news.naver.com/article/003/0012443766?ntype=RANKING"|"https://mimgnews.pstatic.net/image/origin/003/2024/03/22/12443766.jpg"|"2024-03-22 09:20:22"|"""교수들 최대한 설득"" 대화 가능성 열어놔""대학 교육의 질, 정부가 담보할 의무 있어""[서울=뉴시스] 김명원 기자 = 조규홍 보건복지부 장관이 21일 서울 종로구 정부서울청사에서 국민과 함께하는 민생토론회 사후브리핑을 하고 있다. 2024.03.21. kmx1105@newsis.com[세종=뉴시스] 박영주 기자 = 조규홍 보건복지부 장관은 25일 의대 교수들의 집단 사직 예고와 관련해 ""만약의 사태를 대비해 정부가 단계적인 대책을 만들고 있다""고 밝혔다.의대 증원 2000명 배분과 관련해서는 재론 여지가 없음을 분명히 했다.조규홍 장관은 22일 SBS라디오 '김태현의 정치쇼' 전화 인터뷰를 통해 ""의대 교수들이 현장을 떠났을 때 어떤 일이 벌어질 것인지는 교수들이 더 잘 아시기 때문에 현명한 판단을 해 주기를 부탁드린다""면서도 ""정부는 단계별 대책을 준비하고 있고 가용 자원을 총동원할 계획""이라고 말했다.조 장관은 ""대한뇌혈관의학회, 건대 충주병원 등은 환자 곁을 떠나지 않겠다고 하신 분들도 있다""고 짚었다. 그러면서 ""교수들께서 사직서를 실제 제출하더라도 수리가 되지 않으면 신분 및 의무는 유지된다""며 ""교수들을 최대한 설득하겠다""고 대화 가능성도 열어뒀다.앞서 의대 교수들은 오는 25일 집단 사직서를 제출하기로 했다. 이와 함께 진료, 수술 근무시간을 법정 근로시간인 주 52시간으로 줄이고 다음 달 1일부터는 외래 진료도 최소화하겠다고 밝혔다.그러면서 정부와의 협상 가능성도 열어뒀다.방재승 전국 의대교수 비상대책위원장(서울대 의대 교수)은 전날 한 방송에 출연해 ""전공의 조치를 풀어주고 대화의 장을 만든다면 사직서 제출을 철회할 가능성이 있다""고 말한 바 있다.이와 관련해 조 장관은 ""의대 교수협의회 비상대책위원회에서 정부와 의료계 대화를 계속 추진하겠다고 하는 것은 다행""이라며 ""이제는 의료 개혁 4대 과제의 구체적인 이행 방안을 함께 논의해야 할 시점""이라고 강조했다.그는 ""4월 출범 예정인 대통령 직속 의료의 특별위원회에 의료계도 참가해 같이 논의할 예정이고 특위 출범 전이라도 형식에 구애 받지 않고 의료계와 만나 적극적으로 대화하겠다""고 말했다.그러면서도 의대 정원 2000명 증원과 관련해서는 ""재론의 여지가 없다""며 ""앞으로 학칙을 개정하고 대입 전형 시행 계획을 변경하는 등 절차를 진행하고 교육의 질을 담보하기 위한 노력도 병행할 예정""이라고 분명히 했다.[대구=뉴시스] 이무열 기자 = 대구의 한 대학병원에서 의료진들이 이동하고 있다. 2024.03.19.  lmy@newsis.com의대 증원이 교육의 질을 떨어뜨린다는 지적과 관련해서는 ""대학 교육의 질은 정부가 담보해야 할 의무가 있다""고 밝혔다. 조 장관은 ""대학 차원에서 교육의 질을 위해 투자에 나설 계획이라고 말했고 정부 차원에서도 국립대 교수 1000명 이상 증원하고 필요 시 교육부, 기재부 등과 협의해 추가 지원도 할 것""이라고 했다.그는 ""교육의 질이 걱정되면 같이 이를 어떻게 담보할 것인가 논의해야 한다""며 ""이러한 이유로 환자 곁을 떠난다고 하는 것은 국민이 이해하기 어려울 것""이라고 비판했다.교육 시설 확충에 수백조원이 들어갈 것이라는 우려에 대해서는 ""그 정도는 아니다""면서 ""우리나라 지역과 진료 과목 간의 의료 불균형을 해소하기 위해서 필요한 자금이기 때문에 국민도 이해할 거로 생각하고 정부도 효율적으로 투자하도록 하겠다""고 답했다.전공의 복귀 가능성에 대해서는 즉답을 피했다. 조 장관은 ""많은 숫자는 아니지만 복귀 절차나 복귀 후 제재에 관한 문의가 있다""며 ""의견 제출 기간에 복귀하고 계속 근무한다고 하면 처분 과정에서 충분히 고려할 가능성이 있다""고 말했다．"
"[속보] 한 총리 '의대증원 지방의대 중심 배정은 지역완결형 의료체계 구축 근간'"|"https://n.news.naver.com/article/654/0000069455?ntype=RANKING"|"https://mimgnews.pstatic.net/image/origin/654/2024/03/22/69455.jpg"|"2024-03-22 09:55:03"|"의사집단행동 중대본 회의 주재""25일 공보의·군의관 247명 추가 지원""▲ 정부가 의과대학 정원 2천명 확대를 발표한 뒤에도 전공의를 중심으로한 의사들의 반발이 계속되고 있는 22일 오전 한덕수 국무총리가 서울 종로구 정부서울청사에서 열린 의사 집단행동 대응 중앙재난안전대책본부 회의에 참석해 발언하고 있다. 연합뉴스한덕수 국무총리는 22일 ""의대 정원 2000명 증원에 따른 의료개혁을 한층 속도감있게 추진하겠다""며 ""지방의대 졸업생이 해당지역 내 병원에서 수련받을 수 있도록 모든 국립대병원에 권역 임상교육훈련센터를 확충하겠다""고 밝혔다.한 총리는 이날 오전 정부서울청사에서 의사집단행동 중앙재난안전대책본부 회의를 주재하며 의대 2000명 증원과 관련, ""비수도권과 국립대 의대 중심의 정원배정은 앞으로 '지역완결형 의료체계'를 구축하는 근간이 될 것""이라고 강조했다.한 총리는 대통령의 의학교육분야 지원의지를 언급하며 ""수련의 질을 지속적으로 관리하기 위해 3년주기로 수련실태를 조사하고 보완하겠다""며 ""범정부 차원의 연차별 종합지원 계획도 조속히 수립하겠다""고 말했다.한 총리는 이어 의료계 집단행동으로 인한 의료공백을 메우기 위해 ""25일부터 247명의 공보의와 군의관을 추가 지원하겠다""고 밝혔다. 앞서 투입된 공보의와 군의관 166명을 합치면 총 413명의 의료인력이 충원되는 것이다. 정부는 이들 외에 4월중 국립중앙의료원에 '시니어의사 지원센터'를 마련, 시니어의사를 채용하거나 퇴직예정의사를 계속 고용하는 의료기관을 지원하는 방안도 추진해 나갈 계획이다.한 총리는 이날 전공의 현장복귀와 의대교수의 사직결의 철회를 거듭 당부하며 ""의료개혁은 국민들께서 정부에 내린 무거운 명령으로, 정부는 국민 여러분을 위해, 국민 여러분과 함께, 국민이 맡기신 일을 끝까지 완수하겠다""고 말했다."
"[속보] '입시 비리 혐의' 조민, 1심서 벌금 1000만원"|"https://n.news.naver.com/article/654/0000069458?ntype=RANKING"|"https://mimgnews.pstatic.net/image/origin/654/2024/03/22/69458.jpg"|"2024-03-22 10:32:01"|"▲ 입시 비리 혐의로 기소된 조국혁신당 조국 대표의 딸 조민 씨가 22일 오전 서울중앙지법에서 열린 1심 선고공판에 출석하고 있다. 연합뉴스'입시 비리' 혐의로 재판에 넘겨진 조국혁신당 조국(58) 대표의 딸 조민(32)씨가 입시비리 혐의로 1심에서 유죄 판결을 받았다.서울중앙지법 형사16단독 이경선 판사는 22일 허위작성공문서행사, 업무방해, 위계공무집행방해 혐의로 기소된 조씨에게 벌금 1000만원을 선고했다.앞서 검찰은 징역 1년에 집행유예 3년을 구형했다.조씨는 어머니인 정경심(61) 전 동양대 교수와 공모해 지난 2014년 6월 10일 부산대 의학전문대학원에 허위로 작성한 입학원서·자기소개서·위조된 동양대 총장 표창장을 제출해 입학사정 업무를 방해한 혐의로 불구속 기소됐다.지난 2013년 6월 17일에는 부모와 함께 서울대 의전원에 허위로 작성된 자기소개서·서울대 법대 공익인권법센터장 명의 인턴십 확인서·동양대 총장 표창장 등 위조된 증빙서류를 제출한 혐의도 받았다. "
"[속보] 한동훈-박근혜 만난다… 한위원장 취임 후 다음주 첫 만남"|"https://n.news.naver.com/article/654/0000069340?ntype=RANKING"|"https://mimgnews.pstatic.net/image/origin/654/2024/03/21/69340.jpg"|"2024-03-21 14:06:01"|"▲ 한동훈 국민의힘 비상대책위원장과 박근혜 전 대통령. 연합뉴스국민의힘 한동훈 비상대책위원장이 다음 주 박근혜 전 대통령을 예방한다.국민의힘은 21일 ""한 위원장이 다음 주 박 전 대통령을 대구 자택으로 찾아뵙기로 했다""고 밝혔다.구체적인 일정은 나중에 차후 공개될 예정이다.한 위원장이 박 전 대통령을 따로 만나는 것은 지난해 12월 취임 후 처음이다.한 위원장은 지난 달 2일 박 전 대통령의 생일에 비서실장인 김형동 의원을 통해 축하 난을 보냈고, 사흘 뒤 박 전 대통령의 회고록 출간 북콘서트 때도 화환을 보냈다.당시 그는 박 전 대통령의 생일 축하 난을 보낸 데 대해 기자들에게 ""박 전 대통령을 포함해 우리 사회 원로들로부터 많은 가르침을 받고 싶다""고 말한 바 있다. "
"알리에선 헐값, 불티난 강원한우… '골목상권 생태계 교란'"|"https://n.news.naver.com/article/654/0000069431?ntype=RANKING"|"https://mimgnews.pstatic.net/image/origin/654/2024/03/22/69431.jpg"|"2024-03-22 00:07:47"|"[어떻게 생각하십니까] 중국 온라인 쇼핑몰 지역농축산물 할인 판매알리, 불고기 100g당 3733원강원더몰 판매가보다 50% 저렴지역마트 ""판매량 30% 떨어져""소비자단체 ""경쟁 통한 물가안정""최근 중국 쇼핑몰인 알리익스프레스(이하 알리)가 파격할인가를 내세워 강원한우 판매에 나서자 도내 온·오프라인 매장 육류 매출이 급감하는 등 대형 외국자본의 지역 유통업계 장악을 우려하는 목소리가 높아지고 있다.중국 온라인 쇼핑몰 '알리'는 1000억 원 상당의 쇼핑 보조금을 지원하는 '1000억 페스타'를 지난 18일 시작, 강원지역 농축산물을 포함한 다양한 신선식품을 특가에 판매하고 있다. 21일 알리에서 행사로 판매하는 '강원한우'의 1+등급 불고기 100g당 가격은 3733원이다. 같은 상품이 강원도 공식 온라인몰 '강원더몰'에서 동일 중량 기준 5600원에 판매, 50.0%(1867원) 차이가 났다.또 등심의 경우 '알리'는 300g에 2만2230원으로 '강원더몰'(3만2800원)에 비해 1만원 이상(47.5%) 싸게 판매되고 있다. 강원한우는 지난 12일 알리에 공식 입점 이후 2000건 이상 거래되면서 현재도 꾸준히 인기를 얻고 있다. 이외에도 딸기, 계란, 쌀 등 알리의 신선식품 가격은 시중보다 10~50% 저렴한 수준으로 조사됐다.이처럼 중국 쇼핑몰이 대형자본을 투입하며 물량공세를 펼치자 도내 유통업계는 우려를 표하고 있다. 특히 중국 쇼핑몰의 공세에 쿠팡 등 국내 쇼핑몰들도 파격적인 세일 공세에 나서면서 상대적으로 자본규모가 적은 도내 쇼핑몰·오프라인 매장이 피해를 볼 수밖에 없다는 입장이다.춘천의 한 하나로마트 관계자는 ""알리에서 식품을 저렴하게 판매한다고 주부들 사이에서 소문이 퍼져 최근 열흘 동안 판매량이 30%가량 떨어졌다. 알리가 초저가 전략을 내세워서 상대적으로 마트 가격이 비싸보이는 영향""이라며 ""대형자본과 비교해 우리는 골리앗에 맞선 다윗격인데 결국 골목 상권도 대형 자본에 잠식당할 것""이라고 주장했다.반면 소비자단체에서는 환영의 뜻을 보이고 있다. 정지연 한국소비자연맹 사무총장은 ""장기적인 관점에서 해외사업자가 진입하게 되면 국내사업자들도 긴장해 경쟁 환경이 조성돼 경쟁을 통한 물가안정에 기여할 수 있다""며 ""다만 해외 사업자들이 문제를 일으켰을 때 이를 조율할 수 있는 법적 보호 장치 마련이 필요하다""고 말했다.이정호 jeongho@kado.net"
"'성범죄 피의자 변호' 논란 조수진, 민주 강북을 후보 사퇴"|"https://n.news.naver.com/article/654/0000069448?ntype=RANKING"|"https://mimgnews.pstatic.net/image/origin/654/2024/03/22/69448.jpg"|"2024-03-22 09:07:01"|"▲ 조수진 변호사.[연합뉴스 자료사진]아동 성범죄자 변호 이력으로 논란이 된 더불어민주당 서울 강북을 후보인 조수진 변호사가 22일 후보직을 자진 사퇴했다.지난 19일 더불어민주당 경선에서 현역 박용진 의원을 꺾고 후보로 확정된 지 사흘 만이다.조 변호사는 이날 자신의 SNS를 통해 ""저는 변호사로서 언제나 의뢰인을 위해 최선을 다했다""며 ""국회의원이 되면 똑같은 자세로 오로지 강북구 주민과 국민을 위해 할 수 있는 모든 일을 다하려고 했다""고 밝혔다.그는 ""그러나 (제 각오가) 국민께서 바라는 눈높이와 달랐던 것 같다""며 ""제가 완주한다면 선거 기간에 이 논란은 계속될 것""이라고 했다.이어 ""짧은 시간 유례없는 압도적 지지로 성원해 주셨던 당원 여러분께 감사하다""며 ""당에 대한 공격을 멈추고 반드시 총선에 승리해 달라""고 덧붙였다.조 변호사는 경선에서 박 의원을 이긴 뒤로 성폭력 피해자 2차 가해 전력이 드러나 논란이 불거졌다.여성정치네트워크는 지난 19일 성명을 내고 ""조 변호사는 블로그에 '여성이 거절의 의사를 표현했어도 실제는 관계를 원하는 경우가 많다'고 생각하는 성폭력에 대한 잘못된 사회 통념을 소개해 피의자 입장에서 유불리를 조언했다""고 주장했다.이 단체는 ""성폭력 피의자들에게 법망을 피하는 기술을 안내하고 적극적으로 홍보했다""며 후보직 사퇴를 촉구했다.조 변호사가 후보직 사퇴를 선언하면서 민주당은 후보 등록 마감일인 이날 안으로 새로운 후보를 공천해야 하는 상황이다.서울 강북을은 애초 현역의원 평가 결과 하위 10%에 속해 경선 득표에서 30% 감산 조치를 받은 박 의원과 정봉주 전 의원, 이승훈 당 전략기획부위원장 간 3인 경선이 치러졌다.이 부위원장이 탈락한 뒤 결선을 치러 정 전 의원이 승리했지만, 지난 2015년 비무장지대(DMZ)에서 북한의 목함지뢰로 피해를 본 장병들에게 허위로 사과했다는 논란이 일자 당은 지난 14일 그의 공천을 취소했다.이에 박 의원의 공천 승계 가능성이 거론됐으나, 당은 '차점자가 우승자가 될 수는 없다'는 원칙 아래 재차 공천 신청을 받아 박 의원과 조 변호사 간 경선을 치렀다. "
"조수진 새벽 사퇴...野 안규백 “후보 전략공천, 박용진은 어려워”"|"https://n.news.naver.com/article/023/0003823805?ntype=RANKING"|"https://mimgnews.pstatic.net/image/origin/023/2024/03/22/3823805.jpg"|"2024-03-22 08:03:01"|"조수진 더불어민주당 강북을 후보가 20일 서울 여의도 국회 도서관에서 열린 '서울특별시당 선거대책위원회 출범식'에서 박수를 치고 있다./뉴스1안규백 더불어민주당 전략공천위원장은 22일 과거 성범죄자 변호 논란으로 사퇴한 조수진 변호사가 공천됐던 서울 강북을 지역에 대해 ‘전략공천’ 방침을 밝혔다.안 위원장은 이날 오전 CBS라디오 ‘김현정의 뉴스쇼’에서 “오늘 등록이 마감이라 어떤 형태든 경선은 불가하다”면서 “전략 공천만 가능하다”고 했다.경선에서 진 현역 박용진 의원의 승계에 관해서는 “차점자 승계는 거의 없다”고 했다. 이어 “일반적인 총선 과정에서 차점자가 승리한 경우는 거의 드물다”며 “그 전반적인 내용 자체가 후보에 대한 흠결과 하자로 인해 발생한 요인이기 때문에 제3의 인물로 가는 것이 원칙”이라고 했다.박 의원의 전략공천 후보군 거론에 대해선 “포함되기는 어렵지 않겠는가”라며 “굉장히 어려운 상황이라 생각한다”고 했다.박용진 더불어민주당 의원이 19일 오후 경남 김해 시 진영읍 봉하마을을 찾아 고 노무현 전 대통령 묘역을 참배하고 있다./뉴스1안 위원장은 “하위 10%, 20%에 포함되거나 경선 과정에서 탈락한 사람이 특별한 경우가 아니고는 다시 공천받은 경우는 한 번도 없었다”고 했다. 이어 “이미 경선에서 두 번의 기회를 준 후보한테 세 번의 기회를 준 후보는 한 번도 없었다”고도 했다.이재명 민주당 대표가 현재 여러 의견을 듣고 있다고 안 위원장은 전했다. 그는 “어떤 경우가 됐든지 간에 이길 수 있는 후보를 내야 하기 때문에 오전에 바로 결정해서 오후에 등록해야 한다”며 “바로 현장에 투입하더라도 지역민들을 아우르고 흩어진 당심을 모을 수 있는 강인한 정신력이 있는 사람이 가야 한다”고 했다.경선에서 박 의원을 꺾고 강북을 후보로 결정된 조수진 변호사는 22일 새벽 후보직 사퇴를 선언했다. 조 변호사는 경선 이후 변호사 시절 다수의 성폭력 피의자를 변호했다는 논란이 일었다.조 변호사는 페이스북에 올린 글에서 “저는 변호사로서 언제나 의뢰인을 위해 최선을 다했다”며 “그러나 국민께서 바라는 눈높이와 달랐던 것 같다”고 했다.민주당은 후보 등록 마감일인 이날 안으로 새로운 후보를 공천해야 한다. 서울 강북을은 애초 현역의원 평가 하위 10%에 속해 경선 득표에서 30% 감산 조치를 받은 박 의원과 정봉주 전 의원, 이승훈 당 전략기획부위원장 간 3인 경선이 치러졌다. 정 전 의원이 승리했지만, 2015년 비무장지대(DMZ)에서 북한의 목함지뢰로 피해를 본 장병들에게 허위로 사과했다는 논란이 불거지자 당은 14일 공천을 취소했다.이에 박 의원의 공천 승계 가능성이 거론됐으나, 당은 ‘차점자가 우승자가 될 수는 없다’며 재차 공천 신청을 받아 박 의원과 조 변호사 간 경선을 치렀다."
"“광주서 몽둥이로 대가리 깨진 거 봤지”… 이재명, ‘회칼 테러’ 패러디"|"https://n.news.naver.com/article/023/0003823669?ntype=RANKING"|"https://mimgnews.pstatic.net/image/origin/023/2024/03/21/3823669.jpg"|"2024-03-21 18:09:16"|"21일 전북 군산 유세 발언 더불어민주당 이재명 대표가 21일 전북 군산 유세에서 최근 사퇴한 황상무 전 대통령실 시민사회수석의 ‘비판 언론 회칼 테러’ 발언을 패러디하며 5·18 광주민주화 운동 당시 신군부가 시민을 학살한 장면을 언급했다.더불어민주당 이재명 대표가 21일 오후 전북 군산시 옛 도심에서 연설하고 있다. /연합뉴스이날 이 대표는 군산 구시청광장 앞 유세에서 황 전 수석의 발언 패러디를 이어갔다. 그는 회칼로 허벅지를 찌르는 시늉을 하더니 “회칼로… 봤지? 농담이야. 광주에서 온 사람들 잘 들어. 너네 옛날에 대검으로(대검으로 찌르는 시늉) M-16으로 총쏘고 죽이는거 봤지. (손가락으로 군중을 가리키며) 너 몽둥이로 뒤통수 때려서 대가리 깨진거 봤지. 조심해 (웃으며) 농담이야. 농담이야.”이 대표는 이어 “여러분 이게 농담입니까. 생선회칼로 기자 허벅지를 찔러대는 것이 농담입니까. 겁박한 것 아닙니까”라며 “언론자유도 폭락하고 투명도가 폭락했다. 완전히 동네망신 세계망신이 없다. 국격 훼손하고 나라 망신 시키는 게 이게 대체 대통령이 할 일입니까. 무능하면 가만 있기라도 하십시오. 그런데 여러분, 가만히 있지를 않습니다. 움직일 때마다 사고입니다. 나라가 망하고 있어요”라고 말하며 현 정부 비판을 이어갔다.이 대표는 이 자리에서 대통령 탄핵을 시사하는 듯한 발언도 했다. 그는 “주인은 주인 노릇을 해야 종이 업신여기지 않는다. 농사지으라고 일 맡겼는데 도둑질하고 오히려 주인을 능멸하고 심지어 주인 탄압까지 하면 이건 종이 아니라 침략자 아니냐”며 “본분을 잃어버린 일꾼들은 해고해야 마땅하다. 이제 국민을 대리할 자격이 없다, 집에 가라고 해야 한다”고 말했다.앞서 황 전 수석은 지난 14일 MBC를 포함한 대통령실 출입 기자들과 오찬 자리에서 1980년대 언론인 회칼 테러 사건과 5·18 민주화운동 배후 의혹 등을 언급한 사실이 알려지면서 논란에 휩싸인 지 엿새 만인 지난 20일 사퇴했다. KBS 기자 출신인 황 수석은 지난해 12월 4일 총선 출마를 위해 물러난 강승규 전 수석 후임으로 임명됐으나 3개월여만에 물러나게 됐다."
"‘입시 비리’ 조민, 1심서 벌금 1000만원"|"https://n.news.naver.com/article/023/0003823826?ntype=RANKING"|"https://mimgnews.pstatic.net/image/origin/023/2024/03/22/3823826.jpg"|"2024-03-22 10:15:01"|"‘입시 비리’ 혐의로 기소된 조국 조국혁신당 대표의 딸 조민(33)씨가 1심에서 벌금형을 선고받았다.입시 비리 혐의로 기소된 조국 전 법무부 장관 딸 조민 씨가 22일 오전 서초구 서울중앙지방법원에서 열린 선고 공판에 출석하고 있다. /뉴스1서울중앙지법 형사16단독 이경선 판사는 22일 허위작성 공문서 행사 혐의 등으로 불구속 기소된 조씨에 대해 벌금 1000만원을 선고했다. 이 판사는 “이 사건은 입시의 공정성을 저해하고, 입시 전반의 불신을 야기했다”며 “공정한 경쟁을 위해 오랜 기간 성실히 노력한 대다수 학생에게 허탈감과 좌절감을 줘 비난 가능성이 크다”고 했다.조씨는 조 대표 등과 공모해 2013년 6월 서울대 의학전문대학원에 허위로 작성된 자기소개서, 서울대 법대 공익인권법센터장 명의의 인턴십 확인서, 동양대 표창장 등 위조된 증빙서류를 제출한 혐의를 받았다. 어머니인 정경심(전 동양대 교수)씨와 2014년 6월 부산대 의학전문대학원 입학관리과에 허위 작성 입학원서, 자기소개서, 동양대 총장 위조 표창 등을 제출해 평가위원의 입학사정 업무를 방해한 혐의도 받았다.이 판사는 “조민씨는 공소사실을 모두 자백하고 있고, 공소사실이 모두 유죄로 인정된다”고 했다. 이어 “조민씨는 의전원 지원 당시 허위 내용이 기재돼 있다는 것은 인식한 것으로 보이나 허위서류의 구체적인 발급 과정을 모르고, 위변조에 관여하지 않았다”고 판단했다. 이 판사는 “조씨는 지금 범행을 모두 인정하고, 입학취소 관련 소송에 항소하지 않거나 소송을 취하했다”며 양형 이유를 밝혔다.조국 조국혁신당 대표와 정경심(전 동양대 교수)씨./뉴시스조씨는 작년 12월 첫 공판에서 자신의 혐의를 인정하면서도 검찰의 공소권 남용을 주장해왔다. 검찰이 자신의 부모인 조 대표와 정씨를 기소하면서 합당한 이유없이 공소시효를 정지했다고 주장했지만, 재판부는 조씨의 주장을 받아들이지 않았다. 이 판사는 “혐의가 더 확실한 정경심씨를 기소한 뒤 정씨의 입장이나 재판 진행 경과를 통해 조민씨의 공모 여부, 가담 정도를 판단하고 기소한 것이라는 검찰의 주장은 수긍할 수 있다”고 했다.조씨는 이날 법정에서 이 판사가 주문을 낭독한 뒤 고개를 여러 차례 두리번거렸다. 법정에서 “재판이 끝났다”고 안내하자, 조씨는 그제서야 이 판사를 향해 고개 숙여 인사했다.조씨는 이날 법정을 나서며 “재판 결과 어떻게 보냐” “벌금형 나왔는데 항소 할건가” 질문에 모두 답하지 않았다."
"[단독] 제주대 총장 “연봉 수억 줘도 의사 못 구해, 지역인재 더 뽑아 해결”"|"https://n.news.naver.com/article/023/0003823692?ntype=RANKING"|"https://mimgnews.pstatic.net/image/origin/023/2024/03/21/3823692.jpg"|"2024-03-21 21:21:05"|"김일환 거점 국립대 총장 협의회장  “수능 점수 안보는 전형 대폭 확대”김일환 제주대학교 총장./제주대 제공“지역 의료 인프라를 살리는 핵심은 인력 확충과 장비 지원입니다. 제주의대 졸업생 중에 여기 남는 사람은 13%뿐이에요. 늘어난 정원으로 지역 학생들을 많이 뽑으면 50% 정도가 남고, 수도권과 지방의 의료 불균형도 많이 해소될 겁니다.”김일환 제주대 총장은 21일 본지 인터뷰에서 전날 정부가 발표한 ‘의대 정원 2000명 증원’에 대해 이렇게 말했다. 김 총장은 서울대를 포함한 지역 거점 국립대 10곳 총장 모임인 국가 거점 국립대 총장 협의회 회장이다. 정부는 서울대를 제외한 9개 지역 거점 국립대의 내년도 의대 모집 정원을 최대 200명까지 대폭 늘렸다. 제주대는 40명에서 100명이 돼 2배 이상으로 늘어난다.김 총장은 “의대 졸업생들 대부분이 육지로 떠나 제주도는 의료 인력난이 너무 심하다”면서 “이마저도 생활 환경이 나은 제주시에 몰려 있어, 서귀포 지역은 연봉 수억 원을 줘도 의사를 못 구할 정도”라고 말했다. 분야별 전문 의사가 부족해 간단한 수술을 받으려고 해도 비행기를 타야 하는 경우도 많다는 것이다. 그는 “의사와 장비가 부족하니 환자들은 수도권으로 몰리고, 병원은 수입이 줄어드니 인력과 장비에 투자를 못 하는 악순환이 반복되고 있다”면서 “지역 의료 붕괴를 막기 위해 의대 증원은 불가피한 문제”라고 말했다.김 총장은 의대 선발 방법도 대폭 바꾼다는 계획이다. 우선 ‘지역 인재’ 선발 비율을 현재 50%에서 2029학년도 70%까지 늘린다. 정부는 ‘60% 이상’을 권고했는데 70%를 뽑겠다는 것이다. 지역 인재 전형은 현재 해당 지역에서 고교 3년을 다니면 되지만, 2028학년도 입시부턴 중∙고교 6년을 지역에 살아야 한다.김 총장은 또 “수능 점수를 안 보는 ‘무(無)수능 전형’을 대폭 확대하겠다”고 말했다. 지역 의료를 책임지는 의사를 뽑기 때문에 수능 점수보단 인성과 사회성이 우선돼야 한다는 것이다. 2026학년도 입시에선 지역 인재 전형 정원의 10%는 수능 최저 기준을 적용하지 않고 학생부와 심층 면접으로 뽑을 계획이다.무수능 전형은 1차에서 학생부 점수로 면접 대상자를 선발하고, 이후 AI면접과 다중미니면접(MMI)를 통해 최종 합격자를 뽑는다. 김 총장은 “AI면접은 이미 제주대 교직원과 교수를 채용할 때 사용하고 있다”며 “AI가 학생의 성격·학교생활 등을 파악해 참고자료를 만들면, 입학사정관·학과별 교수 10여명으로 이뤄진 면접 그룹이 주제별로 심층 면접을 하는 것”이라고 설명했다. 협업능력·공감능력·비판능력 등 학생이 가진 잠재력을 파악하기 위해 면접 시간도 한 명당 최대 1시간까지 늘린다는 방안이다.2034년까지 의대를 포함해 신입생 전체를 무수능 전형으로 선발하는 방안도 추진한다. 제주대가 올해 초  최근 5년간의 졸업생 데이터를 분석한 결과, 학생부종합 전형 등 수능 없이 입학한 학생이 정시 전형으로 입학한 학생보다 더 좋은 성과를 얻은 것으로 나타났다. 김 총장은 “수능 점수 없이 들어온 학생이 정시 전형 입학생보다 학점은 높고 자퇴율은 낮았다”며 “취업률 또한 수능 없이 들어온 학생이 7% 높았다. 결국 시험 점수보단 ‘자기주도적 학습능력’을 가진 학생을 뽑아야 한다는 것”이라고 말했다. 졸업생 분석 결과를 근거로 무수능 전형 확대를 결정했다는 것이다. 교내 ‘평가관리팀’을 만들어 무수능 전형 입학생들의 학업능력을 1년마다 분석하고, 이를 토대로 무수능 전형 확대 비율을 결정한다는 계획이다.김 총장은 “‘문제 풀이’가 중시되는 입시에선 학생들이 호기심과 상상력을 키우기 어렵다”면서 “수능을 보지 않고도 의대 같은 인기 학과를 갈 수 있어야 공교육에서 다양한 활동이 가능해진다”고 말했다.의대 정원이 두 배 이상으로 늘어나면서 시설과 기자재가 부족해지는 문제 역시 해결해야 한다. 김 총장은 “의대 강의동을 증축해서 지금 두 배 규모의 강의실과 실험실을 확보하는 방안을 논의 중”이라고 말했다./제주=윤상진 기자"
"정은채·김충재, 열애 공식 인정에… 과거 연애사 덩달아 재소환"|"https://n.news.naver.com/article/023/0003823627?ntype=RANKING"|"https://mimgnews.pstatic.net/image/origin/023/2024/03/21/3823627.jpg"|"2024-03-21 16:06:01"|"배우 정은채와 방송인 김충재. /스포츠조선배우 정은채(37)와 제품 디자이너 겸 방송인 김충재(37)가 열애 중이다.정은채 소속사 프로젝트호수 관계자는 21일 조선닷컴에 “두 사람이 현재 교제하고 있는 것이 맞다”며 열애 사실을 인정했다. 김충재 측도 “긍정적인 감정을 갖고 만나고 있다”고 밝혔다.두 사람은 1986년생으로 37살 동갑내기 커플이다. 미술과 디자인이라는 공통 관심사를 통해 가까워진 것으로 전해졌다. 김충재는 추계예술대 서양화를 전공했고 홍익대 국제디자인전문대학원에서 석사 과정을 마쳤다. 정은채 역시 영국 명문인 센트럴세인트마틴스 예술대학 섬유디자인과를 다니다, 배우의 꿈을 이루기 위해 중퇴했다.정은채가 작년 7월에 올린 사진. 김충재의 작업실에서 작품을 조각 중인 모습이다. /인스타그램지난해부터 만남을 이어온 정은채와 김충재는 서로를 지인들에게 소개하는 등 애정을 숨기지 않은 것으로 전해졌다. 인스타그램을 통해서도 핑크빛 기류를 드러내 왔는데, 정은채는 작년 7월 김충재의 작업실에서 찍은 영상을 올렸었다. 또 최근 스토리에 지인과 김충재가 함께 찍힌 사진을 올리기도 했다.이날 열애설이 보도되자 일부 온라인 커뮤니티와 소셜미디어에는 정은채의 과거 연애사가 덩달아 언급되고 있다. 정은채는 2013년 일본 배우 카세 료(49)와 열애설에 휩싸인 바 있다. 당시 두 사람의 나이 차가 띠동갑인데다, 카세 료가 5년째 만난 연인과 동거 중인 사실이 알려져 논란을 낳았다. 다만 정은채 측은 “둘의 교제는 사실무근”이라며 선을 그었었다.이후 정은채는 2020년 가수 정준일(41)과 때아닌 불륜설에 휘말리기도 했다. 정은채가 10년 전 기혼자였던 정준일과 만남을 가졌고, 정준일의 아내가 두 사람의 불륜을 주장했다는 보도가 나온 것이다. 또 정준일 측이 “정은채도 정준일이 유부남인 것을 알았다”는 입장을 밝히면서 논란은 거세졌다. 단 이때도 정은채 측은 “만남은 사실이지만 정은채는 오히려 피해자”라며 “10여 년 전 지극히 개인적인 일로 모두 끝난 부분”이라고 했다.한편 정은채는 2010년 영화 ‘초능력자’로 데뷔해 이후 ‘누구의 딸도 아닌 해원’ ‘역린’ ‘자유의 언덕’ ‘더 테이블’ ‘안시성’ 등에 출연했다. 드라마 ‘손 더 게스트’ ‘더 킹: 영원의 군주’ ‘파친코’에서도 활약했다. 2022년 공개된 쿠팡플레이 시리즈 ‘안나’에서는 악역 연기를 펼쳐 화제를 모았다. 올 하반기 tvN에서 방송되는 토일극 ‘정년이’ 공개를 앞두고 있다.김충재는 2017년 MBC 예능프로그램 ‘나 혼자 산다’에 웹툰작가 겸 방송인 기안84의 절친한 후배로 처음 얼굴을 알렸다. 훈훈한 외모와 차분한 성격으로 큰 인기를 끌었고 ‘전지적 참견 시점’ SBS ‘영재발굴단’ 등 여러 예능에 출연했다. 광고와 뮤직비디오에 출연하기도 했으나, 현재는 본업에 집중하고 있다."
"'韓의료 박살내자…나라 아비규환 될 것' 의사 커뮤에 이런 글"|"https://n.news.naver.com/article/025/0003349116?ntype=RANKING"|"https://mimgnews.pstatic.net/image/origin/025/2024/03/22/3349116.jpg"|"2024-03-22 08:07:22"|"  지난 21일 대구 한 대학병원에서 의료관계자가 이동하고 있다. 연합뉴스       전공의 단체행동이 이어지는 가운데 “대한민국 의료시스템을 박살내자”는 내용의 글이 의사 커뮤니티에 올라와 정부가 법적 조치에 나섰다.        22일 뉴스1에 따르면 보건복지부는 전날 의사 커뮤니티 ‘메디스태프’에 이같은 게시글이 올라온 사례를 적발하고 업무방해 혐의로 경찰에 수사 의뢰했다.      글 작성자는 “답은 간단하다. 그냥 누우면 된다. 총선 이후에도 흩어지지 않고 계속 누워서 대한민국 의료 시스템에 비가역적인 막대한 손상을 입혀야 한다”고 썼다.      그러면서 “저희가 근본적으로 이길 수 있는 방법은 이것뿐이고, 우리는 그렇게 할 수 있는 능력이 있다”며 “최루탄을 던지거나 죽창을 들지 않아도 된다. 그냥 눕기만 하면 되는데 이게 어렵나”라고 했다.      이어 “그냥 계속 드러누워서 빅5 병원에 막대한 피해를 줘야 하고, 많은 지방 사립 병원들을 파산시켜야 한다”며 “그렇게 되면 나라는 그야말로 아비규환이 될 것”이라고 내다봤다.      작성자는 “애초에 말도 안 되는 기형적인 시스템, 언젠가 무너졌을 시스템이니 지금 박살 내서 앞으로 대한민국 의료를 정상화하는 것이 의학도로서 지녀야 할 책임”이라고도 주장했다.      앞서 메디스태프에는 지난달 19일 ‘병원 나오는 전공의들 필독’이라는 제목으로 집단행동에 앞서 병원 자료를 삭제하고 비밀번호를 바꾸라는 내용의 글이 올라오기도 했다.       이에 경찰은 메디스태프 본사를 두 차례 압수수색하고 지난 7일 해당 게시글 작성자를 업무방해 혐의로 입건했다. 메디스태프의 최고기술책임자(CTO)와 직원 1명은 현재 출국금지된 상태다. 이들은 수사 개시 뒤 자료 등을 숨기려 한 혐의를 받는다.      이밖에도 메디스태프에 전공의 복귀를 설득한 교수 실명과 사진이 담긴 글이 게시된 데 대해서도 경찰 수사가 진행 중이다. 파견 군의관과 공중보건의에게 진료를 거부하거나 태업하라는 안내 지침이 게시되기도 했다.  "
"계양을 이재명 52% 원희룡 35%…종로 곽상언 49% 최재형 31% 금태섭 4% [한국리서치]"|"https://n.news.naver.com/article/025/0003349057?ntype=RANKING"|"https://mimgnews.pstatic.net/image/origin/025/2024/03/22/3349057.jpg"|"2024-03-22 00:20:12"|"  인천 계양을 총선에서 맞붙는 원희룡 국민의힘 후보(왼쪽)와 이재명 더불어민주당 후보.            ‘명룡대전’으로 불리는 인천 계양을에서 이재명 더불어민주당 대표가 원희룡 전 국토교통부 장관을 오차 범위 밖에서 앞서는 여론조사 결과가 21일 나왔다.여론조사 전문업체 한국리서치가 KBS 의뢰로 지난 18~20일 인천 계양을에 거주하는 만 18세 이상 남녀 500명을 대상으로 무선전화면접을 진행한 결과 이 대표는 52%, 원 후보는 35%를 기록했다.      경기 화성을에선 현대자동차 사장 출신 공영운 민주당 후보가 42%, 삼성전자 연구원 출신 한정민국민의힘 후보가 18%, 이준석 개혁신당 후보가 19%로 조사됐다.      경기 성남분당갑에선 안철수 국민의힘 후보가 45%, 이광재 민주당 후보가 40%, 류호정 개혁신당 후보가 2%로 나타났다.      경기 성남분당을에선 김은혜 국민의힘 후보가 42%, 김병욱 민주당 의원이 40%를 기록했다.      서울 영등포갑에선 채현일 민주당 후보 39%, 김영주 국민의힘 후보 32%, 허은아 개혁신당 후보가 5%로 집계됐다.      서울 종로에선 곽상언 민주당 후보가 49%, 최재형 국민의힘 후보가 31%, 금태섭 개혁신당 후보가 4%를 기록했다.      서울 중·성동갑에선 전현희 민주당 후보가 45%, 윤희숙 국민의힘 후보가 28%로 나타났으며 서울 마포갑에선 정청래 민주당 후보가 44%, 함운경 국민의힘 후보가 30%, 장혜영 녹색정의당 후보가 5%로 나타났다.      같은 기관이 지난 17일부터 19일까지 사흘간 전국 유권자 3000명을 대상으로 전화면접으로 진행한 정당 지지도에선 민주당이 36%, 국민의힘이 32%를 기록했다. 민주당은 지난 조사 대비 4%포인트(p) 상승했고 국민의힘은 3%p 하락했다. 또 정부 지원론은 39%, 정부 견제론은 54%를 기록했다.      비례대표 정당 지지도에선 국민의힘 측 국민의미래 29%, 조국혁신당 21%, 민주당 측 더불어민주연합이 18% 순으로 나타났다.      지역구 조사의 표본오차는 95% 신뢰수준에서 ±4.4%p, 정당 지지도 등 전국 단위 조사의 표본오차는 95% 신뢰수준에서 ±1.8%p다. 자세한 사항은 중앙선거여론조사심의위원회 홈페이지를 참고하면 된다.   "
"정은채·김충재, 열애 소식에…과거 '불륜 의혹' 연애사 재소환"|"https://n.news.naver.com/article/025/0003349111?ntype=RANKING"|"https://mimgnews.pstatic.net/image/origin/025/2024/03/22/3349111.jpg"|"2024-03-22 07:12:50"|"  배우 정은채(왼쪽)과 디자이너 김충재가 열애 중이다. 연합뉴스, 뉴스1       배우 정은채(37)와 제품 디자이너 김충재(37)의 열애 사실이 공개되자 과거 정은채의 연애사가 재소환됐다.       앞서 정은채 소속사 프로젝트 호수는 21일 ""김충재와 서로 알아가는 단계""라며 ""긍정적으로 만나고 있다""고 열애 사실을 인정했다. 김충재 측도 ""서로 긍정적인 감정으로 만나고 있다""고 밝혔다.       김충재는 최근 작업실에서 만든 조형물을 올리며 ""연인을 만들어보았습니다""라고 적어 열애 사실을 간접적으로 알리기도 했다.      두 사람의 교제 기간은 밝혀지지 않았지만, 지난해 7월 정은채 인스타그램에는 김충재의 작업실에서 찍은 영상이 올라온 바 있다.       두 사람은 1986년생 동갑내기로 미술을 전공한 공통점이 있다. 정은채는 영국 명문인 센트럴세인트마틴스 예술대학 섬유디자인과를 다니다 중퇴했고, 김충재는 추계예술대 서양화를 전공한 뒤 홍익대 국제디자인전문대학원에서 석사 과정을 마쳤다.       전날 두 사람의 열애 소식이 알려지자 일부 온라인 커뮤니티와 소셜미디어에는 과거 정은채의 연애사가 언급됐다.      정은채는 2020년 가수 정준일(41)과 불륜설에 휩싸였다. 당시 위키트리는 정준일의 아내라고 주장한 A씨의 글을 토대로 두 사람이 10년 전 불륜을 저질렀다고 보도했다.      이에 대해 당시 정은채 측은 ""이 사안은 10여 년 전 지극히 개인적인 일로 모두 끝난 부분""이라며 ""두 사람이 만난 것은 맞지만, 정은채는 정준일이 유부남이라는 것을 몰랐기에 피해자""고 주장했다. 하지만 정준일 측이 ""정은채도 정준일이 유부남인 것을 알았다""는 입장을 밝히면서 논란은 거세졌다.       정은채는 2013년 영화 '자유의 언덕'에 함께 출연했던 일본 배우 카세 료(49)와도 불륜 의혹이 제기된 바 있다. 당시 카세 료가 연인과 5년째 동거 중인 사실혼 관계로 알려져 논란이 됐다. 다만 정은채 측은 ""둘의 교제는 사실무근""이라며 ""휴가차 일본에 갔고 카세 료가 정은채의 가이드 역할을 한 것""이라고 해명했다.   "
"'입시비리' 조민, 1심 벌금 1000만원…法 '범행 인정, 위조 관여 안해'"|"https://n.news.naver.com/article/025/0003349125?ntype=RANKING"|"https://mimgnews.pstatic.net/image/origin/025/2024/03/22/3349125.jpg"|"2024-03-22 10:15:33"|"  입시 비리 혐의로 기소된 조국 전 법무부 장관 딸 조민 씨가 22일 오전 서초구 서울중앙지방법원에서 열린 선고 공판에 출석하고 있다. 뉴스1       입시 비리로 기소된 조국 조국혁신당 대표의 딸 조민씨가 1심에서 벌금형을 선고받았다.        서울중앙지법 형사16단독 이경선 판사는 21일 허위작성 공문서 행사 등 혐의로 재판에 넘겨진 조씨에게 벌금 1000만원을 선고했다. 앞서 검찰은 지난 1월 열린 결심공판에서 징역 1년에 집행유예 2년을 구형했다.      이 판사는 “조씨의 일련의 입시비리 범행은 입시 전반에 대한 국민 불신을 야기하고, 공정한 경쟁을 위해 오랜 기간 노력하는 대다수의 사람들에게 허탈감을 주는 행위로 비난 가능성이 크다”고 지적했다.      이어 “다만 허위 서류의 구체적 발급 과정과 표창장 위조에 관여하지 않았고, 현재 범행을 모두 인정하고 부산대 의전원과 고려대 입학 취소 처분 관련 소송을 취하한 점을 고려했다”고 양형 이유를 설명했다.      앞서 조씨는 조 대표와 어머니인 정경심 전 동양대 교수와 공모해 2013~2014년 서울대와 부산대 의학전문대학원에 허위로 작성된 자기소개서, 서울대 법대 공익인권법센터장 명의 인턴십 확인서, 위조된 동양대 표창장 등 위조된 증빙서류를 제출한 혐의로 기소됐다.   "
"이강인 투입 순간 환호…손흥민 '강인과 함께 뛰는 건 즐거워'"|"https://n.news.naver.com/article/025/0003348997?ntype=RANKING"|"https://mimgnews.pstatic.net/image/origin/025/2024/03/21/3348997.jpg"|"2024-03-21 23:54:37"|"  21일 서울월드컵경기장에서 열린 2026 FIFA 북중미 월드컵 아시아 2차 예선 대한민국과 태국의 경기, 후반전 한국 손흥민이 이강인에게 어깨동무를 하며 대화하고 있다. 뉴시스       손흥민이 선발로 나서고 이강인이 교체 출전한 '황선홍호'가 국제축구연맹(FIFA) 랭킹 101위인 태국을 상대로 승점 1을 따는 데 그치며 불안하게 출발했다.        한국 축구 대표팀(랭킹 22위)은 21일 서울 마포구 서울월드컵경기장에서 열린 태국과의 2026 북중미 월드컵 아시아 2차 예선 C조 3차전에서 1-1 무승부를 기록했다.        손흥민이 전반 42분 균형을 깨는 선제골을 터뜨렸으나, 후반전 초반부터 수비가 흔들린 대표팀은 후반 16분 수파낫 무에안타에게 동점 골을 허용했다.      황 임시감독은 실점 직후 이강인을 투입하며 분위기 반전에 나섰다. 이강인이 그라운드에 나서자 6만여 관중석에서는 환호성이 터져나왔다.        이강인은 여러 차례 위협적인 왼발 크로스를 문전에 붙여 올렸으나 득점으로 이어지진 않았다.      21일 서울월드컵경기장에서 열린 2026 북중미 월드컵 아시아 지역 2차 예선 C조 3차전 한국과 태국의 경기. 손흥민이 이강인을 바라보고 있다. 연합뉴스       이강인은 후반 26분 손흥민과 호흡을 맞춰 합작 골을 노리기도 했다. 손흥민의 전진 패스를 받고 페널티지역 오른 측면을 침투한 이강인은 상대 선수들 뒤쪽으로 공을 넘겼다.      이강인의 패스를 기다리던 손흥민은 공이 흘러오자 짧게 도약한 뒤 강하게 오른발 슈팅을 찼다. 공은 아쉽게 수비수에게 맞고 골대 옆으로 살짝 벗어났다.      대표팀은 경기 막판까지 파상공세를 폈지만 골 결정력 부족을 드러낸 채 승점 1을 얻는 데 그쳤다.        황 임시감독은 경기 뒤 기자회견에서 ""승리하지 못한 것에 대해 죄송하다""며 ""선수들은 100% 하나 된 마음으로 경기했다""고 말했다. 그러면서 ""이걸로 다 끝난 게 아니다""라며 ""실망스럽긴 하지만 잘 극복하고 원정 경기를 잘 준비하겠다""고 덧붙였다. 대표팀은 22일 태국으로 출국해 26일 방콕 라자망갈라 스타디움에서 4차전을 벌인다.      이강인을 교체로 투입한 것에 대해서는 ""경기를 준비하면서 사사로운 감정은 사치에 불과하다고 생각하고, 오롯이 승리하기 위해 경기를 준비했고 베스트 라인업도 그렇게 짰다""며 ""후회 없다""고 말했다.      손흥민도 경기 후 취재진을 만나 ""강인 선수가 교체로 들어와서 분위기를 전환하려고 노력했고 실제로 전환했다고 생각한다""며 ""강인 선수가 선수로서 한 단계씩 성장하는 부분을 느낄 수 있어서 같이 뛰면 즐겁다""고 말했다.      그러면서 ""뭉쳐서 무언가 하나라도 더 해보려고 했던 게 오늘 경기의 가장 긍정적인 부분""이라며 ""경기에 뛰는 선수, 뛰지 않는 선수 모두가 하나가 되려고 노력하는 모습이 우리에게 필요했는데 그런 모습을 보여줘 고맙다는 말을 꼭 해주고 싶다""고 강조했다.      21일 서울 마포구 서울월드컵경기장에서 열린 2026 FIFA 북중미 월드컵 아시아 지역 2차 예선 C조 조별리그 대한민국과 태국의 경기에서 관중들이 정몽규 대한축구협회장 사퇴를 촉구하는 손피켓을 들고 있다. 뉴스1       한편 이날 경기를 앞두고 팬들 사이에선 현장 응원을 보이콧해야 한다는 목소리도 나왔지만, 입장권은 일찌감치 매진됐고 이날 공식 집계된 관중 수는 6만4912명이었다.      응원석에는 '그냥 대가리 박고 뛰어, 응원은 우리가 할 테니' 등의 걸개가 걸려 선수들에게 힘을 실었다.        다만 대표팀 응원단 붉은악마를 비롯한 팬들은 하극상 논란 등 최근 대표팀과 대한축구협회에서 불미스러운 사건이 이어진 것에 대해 정몽규 축구협회장의 책임을 물으며 ""정몽규 나가"" ""정몽규 OUT""을 외치기도 했다. 이날 정 회장은 현장에서 경기를 지켜봤다.  "
